t_pc,id,seq,ms,rssi,port
1790826540.2436,A,0,952,-72,/dev/serial/by-path/pci-0000:05:00.3-usb-0:2.1.1:1.0-port0
1790826540.3029,A,1,1011,-70,/dev/serial/by-path/pci-0000:05:00.3-usb-0:2.1.1:1.0-port0
1790826540.3763,A,2,1084,-70,/dev/serial/by-path/pci-0000:05:00.3-usb-0:2.1.1:1.0-port0
1790826540.4256,A,3,1133,-72,/dev/serial/by-path/pci-0000:05:00.3-usb-0:2.1.1:1.0-port0
1790826540.4757,A,4,1184,-71,/dev/serial/by-path/pci-0000:05:00.3-usb-0:2.1.1:1.0-port0
1790826540.5257,A,5,1234,-70,/dev/serial/by-path/pci-0000:05:00.3-usb-0:2.1.1:1.0-port0
1790826540.6255,A,6,1334,-71,/dev/serial/by-path/pci-0000:05:00.3-usb-0:2.1.1:1.0-port0
1790826540.6755,A,7,1384,-70,/dev/serial/by-path/pci-0000:05:00.3-usb-0:2.1.1:1.0-port0
1790826540.7221,C,0,1425,-75,/dev/serial/by-path/pci-0000:05:00.3-usb-0:2.1.3:1.0-port0
1790826540.7262,A,8,1434,-72,/dev/serial/by-path/pci-0000:05:00.3-usb-0:2.1.1:1.0-port0
1790826540.7275,B,0,1431,-58,/dev/serial/by-path/pci-0000:05:00.3-usb-0:2.1.2:1.0-port0
1790826540.7726,C,1,1475,-73,/dev/serial/by-path/pci-0000:05:00.3-usb-0:2.1.3:1.0-port0
1790826540.7756,A,9,1484,-71,/dev/serial/by-path/pci-0000:05:00.3-usb-0:2.1.1:1.0-port0
1790826540.7773,B,1,1481,-54,/dev/serial/by-path/pci-0000:05:00.3-usb-0:2.1.2:1.0-port0
1790826540.8032,B,2,1507,-50,/dev/serial/by-path/pci-0000:05:00.3-usb-0:2.1.2:1.0-port0
1790826540.8036,A,10,1512,-70,/dev/serial/by-path/pci-0000:05:00.3-usb-0:2.1.1:1.0-port0
1790826540.8038,C,2,1506,-71,/dev/serial/by-path/pci-0000:05:00.3-usb-0:2.1.3:1.0-port0
1790826540.8494,C,3,1552,-74,/dev/serial/by-path/pci-0000:05:00.3-usb-0:2.1.3:1.0-port0
1790826540.8576,B,3,1561,-58,/dev/serial/by-path/pci-0000:05:00.3-usb-0:2.1.2:1.0-port0
1790826540.8580,A,11,1566,-72,/dev/serial/by-path/pci-0000:05:00.3-usb-0:2.1.1:1.0-port0
1790826540.8949,B,4,1599,-53,/dev/serial/by-path/pci-0000:05:00.3-usb-0:2.1.2:1.0-port0
1790826540.8952,C,4,1598,-72,/dev/serial/by-path/pci-0000:05:00.3-usb-0:2.1.3:1.0-port0
1790826540.9254,A,12,1634,-70,/dev/serial/by-path/pci-0000:05:00.3-usb-0:2.1.1:1.0-port0
1790826540.9438,B,5,1648,-49,/dev/serial/by-path/pci-0000:05:00.3-usb-0:2.1.2:1.0-port0
1790826540.9441,C,5,1646,-70,/dev/serial/by-path/pci-0000:05:00.3-usb-0:2.1.3:1.0-port0
1790826540.9443,A,13,1652,-69,/dev/serial/by-path/pci-0000:05:00.3-usb-0:2.1.1:1.0-port0
1790826541.0033,B,6,1706,-58,/dev/serial/by-path/pci-0000:05:00.3-usb-0:2.1.2:1.0-port0
1790826541.0036,A,14,1711,-72,/dev/serial/by-path/pci-0000:05:00.3-usb-0:2.1.1:1.0-port0
1790826541.0224,C,6,1725,-75,/dev/serial/by-path/pci-0000:05:00.3-usb-0:2.1.3:1.0-port0
1790826541.0256,A,15,1734,-72,/dev/serial/by-path/pci-0000:05:00.3-usb-0:2.1.1:1.0-port0
1790826541.0271,B,7,1731,-58,/dev/serial/by-path/pci-0000:05:00.3-usb-0:2.1.2:1.0-port0
1790826541.0716,C,7,1774,-74,/dev/serial/by-path/pci-0000:05:00.3-usb-0:2.1.3:1.0-port0
1790826541.0719,A,16,1780,-71,/dev/serial/by-path/pci-0000:05:00.3-usb-0:2.1.1:1.0-port0
1790826541.0720,B,8,1776,-50,/dev/serial/by-path/pci-0000:05:00.3-usb-0:2.1.2:1.0-port0
1790826541.1154,C,8,1818,-72,/dev/serial/by-path/pci-0000:05:00.3-usb-0:2.1.3:1.0-port0
1790826541.1254,A,17,1834,-70,/dev/serial/by-path/pci-0000:05:00.3-usb-0:2.1.1:1.0-port0
1790826541.1270,B,9,1831,-50,/dev/serial/by-path/pci-0000:05:00.3-usb-0:2.1.2:1.0-port0
1790826541.1543,C,9,1856,-75,/dev/serial/by-path/pci-0000:05:00.3-usb-0:2.1.3:1.0-port0
1790826541.1546,B,10,1858,-57,/dev/serial/by-path/pci-0000:05:00.3-usb-0:2.1.2:1.0-port0
1790826541.1547,A,18,1862,-72,/dev/serial/by-path/pci-0000:05:00.3-usb-0:2.1.1:1.0-port0
1790826541.1991,B,11,1903,-51,/dev/serial/by-path/pci-0000:05:00.3-usb-0:2.1.2:1.0-port0
1790826541.2495,C,10,1952,-74,/dev/serial/by-path/pci-0000:05:00.3-usb-0:2.1.3:1.0-port0
1790826541.2496,B,12,1953,-50,/dev/serial/by-path/pci-0000:05:00.3-usb-0:2.1.2:1.0-port0
1790826541.2765,A,19,1984,-69,/dev/serial/by-path/pci-0000:05:00.3-usb-0:2.1.1:1.0-port0
1790826541.2896,B,13,1993,-56,/dev/serial/by-path/pci-0000:05:00.3-usb-0:2.1.2:1.0-port0
1790826541.2897,A,20,1998,-72,/dev/serial/by-path/pci-0000:05:00.3-usb-0:2.1.1:1.0-port0
1790826541.3001,C,11,2003,-72,/dev/serial/by-path/pci-0000:05:00.3-usb-0:2.1.3:1.0-port0
1790826541.3582,C,12,2060,-73,/dev/serial/by-path/pci-0000:05:00.3-usb-0:2.1.3:1.0-port0
1790826541.3587,B,14,2062,-49,/dev/serial/by-path/pci-0000:05:00.3-usb-0:2.1.2:1.0-port0
1790826541.3588,A,21,2066,-71,/dev/serial/by-path/pci-0000:05:00.3-usb-0:2.1.1:1.0-port0
1790826541.3809,C,13,2084,-75,/dev/serial/by-path/pci-0000:05:00.3-usb-0:2.1.3:1.0-port0
1790826541.4151,B,15,2119,-50,/dev/serial/by-path/pci-0000:05:00.3-usb-0:2.1.2:1.0-port0
1790826541.4253,A,22,2134,-71,/dev/serial/by-path/pci-0000:05:00.3-usb-0:2.1.1:1.0-port0
1790826541.4700,C,14,2173,-75,/dev/serial/by-path/pci-0000:05:00.3-usb-0:2.1.3:1.0-port0
1790826541.4700,C,15,2173,-78,/dev/serial/by-path/pci-0000:05:00.3-usb-0:2.1.3:1.0-port0
1790826541.4704,B,16,2174,-57,/dev/serial/by-path/pci-0000:05:00.3-usb-0:2.1.2:1.0-port0
1790826541.4757,A,23,2184,-71,/dev/serial/by-path/pci-0000:05:00.3-usb-0:2.1.1:1.0-port0
1790826541.5214,B,17,2225,-55,/dev/serial/by-path/pci-0000:05:00.3-usb-0:2.1.2:1.0-port0
1790826541.5220,C,16,2225,-83,/dev/serial/by-path/pci-0000:05:00.3-usb-0:2.1.3:1.0-port0
1790826541.5235,A,24,2232,-70,/dev/serial/by-path/pci-0000:05:00.3-usb-0:2.1.1:1.0-port0
1790826541.5727,C,17,2275,-83,/dev/serial/by-path/pci-0000:05:00.3-usb-0:2.1.3:1.0-port0
1790826541.5753,A,25,2284,-71,/dev/serial/by-path/pci-0000:05:00.3-usb-0:2.1.1:1.0-port0
1790826541.5772,B,18,2281,-53,/dev/serial/by-path/pci-0000:05:00.3-usb-0:2.1.2:1.0-port0
1790826541.6229,C,18,2325,-73,/dev/serial/by-path/pci-0000:05:00.3-usb-0:2.1.3:1.0-port0
1790826541.6258,A,26,2334,-73,/dev/serial/by-path/pci-0000:05:00.3-usb-0:2.1.1:1.0-port0
1790826541.6271,B,19,2331,-57,/dev/serial/by-path/pci-0000:05:00.3-usb-0:2.1.2:1.0-port0
1790826541.6507,C,19,2353,-76,/dev/serial/by-path/pci-0000:05:00.3-usb-0:2.1.3:1.0-port0
1790826541.6624,A,27,2370,-73,/dev/serial/by-path/pci-0000:05:00.3-usb-0:2.1.1:1.0-port0
1790826541.6785,B,20,2381,-49,/dev/serial/by-path/pci-0000:05:00.3-usb-0:2.1.2:1.0-port0
1790826541.7001,B,21,2404,-51,/dev/serial/by-path/pci-0000:05:00.3-usb-0:2.1.2:1.0-port0
1790826541.7021,C,20,2403,-73,/dev/serial/by-path/pci-0000:05:00.3-usb-0:2.1.3:1.0-port0
1790826541.7268,A,28,2434,-72,/dev/serial/by-path/pci-0000:05:00.3-usb-0:2.1.1:1.0-port0
1790826541.7389,B,22,2443,-55,/dev/serial/by-path/pci-0000:05:00.3-usb-0:2.1.2:1.0-port0
1790826541.7392,A,29,2447,-73,/dev/serial/by-path/pci-0000:05:00.3-usb-0:2.1.1:1.0-port0
1790826541.7396,C,21,2441,-76,/dev/serial/by-path/pci-0000:05:00.3-usb-0:2.1.3:1.0-port0
1790826541.7844,A,30,2493,-72,/dev/serial/by-path/pci-0000:05:00.3-usb-0:2.1.1:1.0-port0
1790826541.7847,B,23,2488,-49,/dev/serial/by-path/pci-0000:05:00.3-usb-0:2.1.2:1.0-port0
1790826541.7851,C,22,2487,-75,/dev/serial/by-path/pci-0000:05:00.3-usb-0:2.1.3:1.0-port0
1790826541.8253,A,31,2534,-73,/dev/serial/by-path/pci-0000:05:00.3-usb-0:2.1.1:1.0-port0
1790826541.8273,B,24,2531,-49,/dev/serial/by-path/pci-0000:05:00.3-usb-0:2.1.2:1.0-port0
1790826541.8445,C,23,2547,-73,/dev/serial/by-path/pci-0000:05:00.3-usb-0:2.1.3:1.0-port0
1790826541.8705,B,25,2575,-50,/dev/serial/by-path/pci-0000:05:00.3-usb-0:2.1.2:1.0-port0
1790826541.8721,A,32,2580,-73,/dev/serial/by-path/pci-0000:05:00.3-usb-0:2.1.1:1.0-port0
1790826541.8724,C,24,2575,-75,/dev/serial/by-path/pci-0000:05:00.3-usb-0:2.1.3:1.0-port0
1790826541.9152,C,25,2618,-82,/dev/serial/by-path/pci-0000:05:00.3-usb-0:2.1.3:1.0-port0
1790826541.9210,B,26,2625,-58,/dev/serial/by-path/pci-0000:05:00.3-usb-0:2.1.2:1.0-port0
1790826541.9253,A,33,2634,-73,/dev/serial/by-path/pci-0000:05:00.3-usb-0:2.1.1:1.0-port0
1790826541.9625,C,26,2665,-78,/dev/serial/by-path/pci-0000:05:00.3-usb-0:2.1.3:1.0-port0
1790826541.9630,A,34,2671,-72,/dev/serial/by-path/pci-0000:05:00.3-usb-0:2.1.1:1.0-port0
1790826541.9633,B,27,2666,-55,/dev/serial/by-path/pci-0000:05:00.3-usb-0:2.1.2:1.0-port0
1790826542.0224,C,27,2725,-72,/dev/serial/by-path/pci-0000:05:00.3-usb-0:2.1.3:1.0-port0
1790826542.0251,B,28,2729,-53,/dev/serial/by-path/pci-0000:05:00.3-usb-0:2.1.2:1.0-port0
1790826542.0255,A,35,2734,-71,/dev/serial/by-path/pci-0000:05:00.3-usb-0:2.1.1:1.0-port0
1790826542.0590,B,29,2763,-56,/dev/serial/by-path/pci-0000:05:00.3-usb-0:2.1.2:1.0-port0
1790826542.0594,A,36,2768,-73,/dev/serial/by-path/pci-0000:05:00.3-usb-0:2.1.1:1.0-port0
1790826542.0725,C,28,2775,-72,/dev/serial/by-path/pci-0000:05:00.3-usb-0:2.1.3:1.0-port0
1790826542.1088,A,37,2817,-73,/dev/serial/by-path/pci-0000:05:00.3-usb-0:2.1.1:1.0-port0
1790826542.1148,B,30,2819,-49,/dev/serial/by-path/pci-0000:05:00.3-usb-0:2.1.2:1.0-port0
1790826542.1229,C,29,2825,-70,/dev/serial/by-path/pci-0000:05:00.3-usb-0:2.1.3:1.0-port0
1790826542.1511,B,31,2855,-50,/dev/serial/by-path/pci-0000:05:00.3-usb-0:2.1.2:1.0-port0
1790826542.1515,A,38,2860,-73,/dev/serial/by-path/pci-0000:05:00.3-usb-0:2.1.1:1.0-port0
1790826542.1611,C,30,2864,-73,/dev/serial/by-path/pci-0000:05:00.3-usb-0:2.1.3:1.0-port0
1790826542.1957,C,31,2898,-72,/dev/serial/by-path/pci-0000:05:00.3-usb-0:2.1.3:1.0-port0
1790826542.1962,B,32,2900,-55,/dev/serial/by-path/pci-0000:05:00.3-usb-0:2.1.2:1.0-port0
1790826542.1963,A,39,2904,-73,/dev/serial/by-path/pci-0000:05:00.3-usb-0:2.1.1:1.0-port0
1790826542.2418,C,32,2944,-71,/dev/serial/by-path/pci-0000:05:00.3-usb-0:2.1.3:1.0-port0
1790826542.2419,B,33,2946,-51,/dev/serial/by-path/pci-0000:05:00.3-usb-0:2.1.2:1.0-port0
1790826542.2425,A,40,2951,-73,/dev/serial/by-path/pci-0000:05:00.3-usb-0:2.1.1:1.0-port0
1790826542.3121,C,33,3014,-70,/dev/serial/by-path/pci-0000:05:00.3-usb-0:2.1.3:1.0-port0
1790826542.3122,B,34,3016,-51,/dev/serial/by-path/pci-0000:05:00.3-usb-0:2.1.2:1.0-port0
1790826542.3235,A,41,3032,-73,/dev/serial/by-path/pci-0000:05:00.3-usb-0:2.1.1:1.0-port0
1790826542.3235,A,42,3033,-73,/dev/serial/by-path/pci-0000:05:00.3-usb-0:2.1.1:1.0-port0
1790826542.3276,B,35,3031,-52,/dev/serial/by-path/pci-0000:05:00.3-usb-0:2.1.2:1.0-port0
1790826542.3774,B,36,3081,-52,/dev/serial/by-path/pci-0000:05:00.3-usb-0:2.1.2:1.0-port0
1790826542.4172,B,37,3121,-50,/dev/serial/by-path/pci-0000:05:00.3-usb-0:2.1.2:1.0-port0
1790826542.4222,C,34,3125,-70,/dev/serial/by-path/pci-0000:05:00.3-usb-0:2.1.3:1.0-port0
1790826542.4255,A,43,3134,-75,/dev/serial/by-path/pci-0000:05:00.3-usb-0:2.1.1:1.0-port0
1790826542.4721,B,38,3176,-49,/dev/serial/by-path/pci-0000:05:00.3-usb-0:2.1.2:1.0-port0
1790826542.4725,C,35,3175,-69,/dev/serial/by-path/pci-0000:05:00.3-usb-0:2.1.3:1.0-port0
1790826542.4766,A,44,3184,-73,/dev/serial/by-path/pci-0000:05:00.3-usb-0:2.1.1:1.0-port0
1790826542.5030,B,39,3207,-55,/dev/serial/by-path/pci-0000:05:00.3-usb-0:2.1.2:1.0-port0
1790826542.5059,C,36,3209,-71,/dev/serial/by-path/pci-0000:05:00.3-usb-0:2.1.3:1.0-port0
1790826542.5152,A,45,3224,-74,/dev/serial/by-path/pci-0000:05:00.3-usb-0:2.1.1:1.0-port0
1790826542.5500,C,37,3253,-71,/dev/serial/by-path/pci-0000:05:00.3-usb-0:2.1.3:1.0-port0
1790826542.5752,A,46,3284,-75,/dev/serial/by-path/pci-0000:05:00.3-usb-0:2.1.1:1.0-port0
1790826542.5775,B,40,3281,-48,/dev/serial/by-path/pci-0000:05:00.3-usb-0:2.1.2:1.0-port0
1790826542.5942,A,47,3302,-72,/dev/serial/by-path/pci-0000:05:00.3-usb-0:2.1.1:1.0-port0
1790826542.5945,B,41,3298,-51,/dev/serial/by-path/pci-0000:05:00.3-usb-0:2.1.2:1.0-port0
1790826542.6223,C,38,3325,-71,/dev/serial/by-path/pci-0000:05:00.3-usb-0:2.1.3:1.0-port0
1790826542.6599,A,48,3368,-74,/dev/serial/by-path/pci-0000:05:00.3-usb-0:2.1.1:1.0-port0
1790826542.6729,C,39,3375,-72,/dev/serial/by-path/pci-0000:05:00.3-usb-0:2.1.3:1.0-port0
1790826542.6778,B,42,3381,-55,/dev/serial/by-path/pci-0000:05:00.3-usb-0:2.1.2:1.0-port0
1790826542.6870,C,40,3389,-72,/dev/serial/by-path/pci-0000:05:00.3-usb-0:2.1.3:1.0-port0
1790826542.6883,B,43,3392,-49,/dev/serial/by-path/pci-0000:05:00.3-usb-0:2.1.2:1.0-port0
1790826542.6886,A,49,3396,-73,/dev/serial/by-path/pci-0000:05:00.3-usb-0:2.1.1:1.0-port0
1790826542.7473,C,41,3450,-72,/dev/serial/by-path/pci-0000:05:00.3-usb-0:2.1.3:1.0-port0
1790826542.7477,B,44,3451,-50,/dev/serial/by-path/pci-0000:05:00.3-usb-0:2.1.2:1.0-port0
1790826542.7482,A,50,3457,-73,/dev/serial/by-path/pci-0000:05:00.3-usb-0:2.1.1:1.0-port0
1790826542.7890,C,42,3492,-72,/dev/serial/by-path/pci-0000:05:00.3-usb-0:2.1.3:1.0-port0
1790826542.7895,A,51,3497,-74,/dev/serial/by-path/pci-0000:05:00.3-usb-0:2.1.1:1.0-port0
1790826542.8197,C,43,3522,-73,/dev/serial/by-path/pci-0000:05:00.3-usb-0:2.1.3:1.0-port0
1790826542.8200,A,52,3528,-73,/dev/serial/by-path/pci-0000:05:00.3-usb-0:2.1.1:1.0-port0
1790826542.8270,B,45,3531,-53,/dev/serial/by-path/pci-0000:05:00.3-usb-0:2.1.2:1.0-port0
1790826542.8687,A,53,3577,-74,/dev/serial/by-path/pci-0000:05:00.3-usb-0:2.1.1:1.0-port0
1790826542.8688,B,46,3573,-49,/dev/serial/by-path/pci-0000:05:00.3-usb-0:2.1.2:1.0-port0
1790826542.8693,C,44,3572,-72,/dev/serial/by-path/pci-0000:05:00.3-usb-0:2.1.3:1.0-port0
1790826542.9178,B,47,3622,-49,/dev/serial/by-path/pci-0000:05:00.3-usb-0:2.1.2:1.0-port0
1790826542.9220,C,45,3625,-73,/dev/serial/by-path/pci-0000:05:00.3-usb-0:2.1.3:1.0-port0
1790826542.9260,A,54,3634,-74,/dev/serial/by-path/pci-0000:05:00.3-usb-0:2.1.1:1.0-port0
1790826542.9726,C,46,3675,-73,/dev/serial/by-path/pci-0000:05:00.3-usb-0:2.1.3:1.0-port0
1790826542.9759,A,55,3684,-74,/dev/serial/by-path/pci-0000:05:00.3-usb-0:2.1.1:1.0-port0
1790826542.9777,B,48,3681,-56,/dev/serial/by-path/pci-0000:05:00.3-usb-0:2.1.2:1.0-port0
1790826543.0103,B,49,3715,-49,/dev/serial/by-path/pci-0000:05:00.3-usb-0:2.1.2:1.0-port0
1790826543.0226,C,47,3725,-72,/dev/serial/by-path/pci-0000:05:00.3-usb-0:2.1.3:1.0-port0
1790826543.0243,A,56,3732,-75,/dev/serial/by-path/pci-0000:05:00.3-usb-0:2.1.1:1.0-port0
1790826543.0721,B,50,3776,-50,/dev/serial/by-path/pci-0000:05:00.3-usb-0:2.1.2:1.0-port0
1790826543.0723,C,48,3774,-72,/dev/serial/by-path/pci-0000:05:00.3-usb-0:2.1.3:1.0-port0
1790826543.0753,A,57,3784,-74,/dev/serial/by-path/pci-0000:05:00.3-usb-0:2.1.1:1.0-port0
1790826543.1035,B,51,3808,-56,/dev/serial/by-path/pci-0000:05:00.3-usb-0:2.1.2:1.0-port0
1790826543.1039,C,49,3806,-72,/dev/serial/by-path/pci-0000:05:00.3-usb-0:2.1.3:1.0-port0
1790826543.1171,A,58,3825,-74,/dev/serial/by-path/pci-0000:05:00.3-usb-0:2.1.1:1.0-port0
1790826543.1497,C,50,3852,-73,/dev/serial/by-path/pci-0000:05:00.3-usb-0:2.1.3:1.0-port0
1790826543.1498,B,52,3854,-49,/dev/serial/by-path/pci-0000:05:00.3-usb-0:2.1.2:1.0-port0
1790826543.1501,A,59,3858,-74,/dev/serial/by-path/pci-0000:05:00.3-usb-0:2.1.1:1.0-port0
1790826543.1999,C,51,3903,-72,/dev/serial/by-path/pci-0000:05:00.3-usb-0:2.1.3:1.0-port0
1790826543.2003,B,53,3904,-49,/dev/serial/by-path/pci-0000:05:00.3-usb-0:2.1.2:1.0-port0
1790826543.2253,A,60,3934,-73,/dev/serial/by-path/pci-0000:05:00.3-usb-0:2.1.1:1.0-port0
1790826543.2505,B,54,3955,-56,/dev/serial/by-path/pci-0000:05:00.3-usb-0:2.1.2:1.0-port0
1790826543.2756,A,61,3984,-74,/dev/serial/by-path/pci-0000:05:00.3-usb-0:2.1.1:1.0-port0
1790826543.3000,B,55,4004,-49,/dev/serial/by-path/pci-0000:05:00.3-usb-0:2.1.2:1.0-port0
1790826543.3003,C,52,4003,-71,/dev/serial/by-path/pci-0000:05:00.3-usb-0:2.1.3:1.0-port0
1790826543.3012,A,62,4009,-74,/dev/serial/by-path/pci-0000:05:00.3-usb-0:2.1.1:1.0-port0
1790826543.3482,C,53,4050,-71,/dev/serial/by-path/pci-0000:05:00.3-usb-0:2.1.3:1.0-port0
1790826543.3581,A,63,4066,-74,/dev/serial/by-path/pci-0000:05:00.3-usb-0:2.1.1:1.0-port0
1790826543.3729,B,56,4077,-51,/dev/serial/by-path/pci-0000:05:00.3-usb-0:2.1.2:1.0-port0
1790826543.3768,A,64,4084,-72,/dev/serial/by-path/pci-0000:05:00.3-usb-0:2.1.1:1.0-port0
1790826543.4140,A,65,4122,-73,/dev/serial/by-path/pci-0000:05:00.3-usb-0:2.1.1:1.0-port0
1790826543.4222,C,54,4125,-73,/dev/serial/by-path/pci-0000:05:00.3-usb-0:2.1.3:1.0-port0
1790826543.4276,B,57,4132,-52,/dev/serial/by-path/pci-0000:05:00.3-usb-0:2.1.2:1.0-port0
1790826543.4730,C,55,4175,-71,/dev/serial/by-path/pci-0000:05:00.3-usb-0:2.1.3:1.0-port0
1790826543.4752,A,66,4184,-74,/dev/serial/by-path/pci-0000:05:00.3-usb-0:2.1.1:1.0-port0
1790826543.4766,B,58,4181,-49,/dev/serial/by-path/pci-0000:05:00.3-usb-0:2.1.2:1.0-port0
1790826543.5030,B,59,4207,-51,/dev/serial/by-path/pci-0000:05:00.3-usb-0:2.1.2:1.0-port0
1790826543.5032,C,56,4205,-73,/dev/serial/by-path/pci-0000:05:00.3-usb-0:2.1.3:1.0-port0
1790826543.5258,A,67,4234,-73,/dev/serial/by-path/pci-0000:05:00.3-usb-0:2.1.1:1.0-port0
1790826543.5423,C,57,4245,-75,/dev/serial/by-path/pci-0000:05:00.3-usb-0:2.1.3:1.0-port0
1790826543.5540,A,68,4262,-74,/dev/serial/by-path/pci-0000:05:00.3-usb-0:2.1.1:1.0-port0
1790826543.5696,B,60,4274,-55,/dev/serial/by-path/pci-0000:05:00.3-usb-0:2.1.2:1.0-port0
1790826543.5980,B,61,4302,-49,/dev/serial/by-path/pci-0000:05:00.3-usb-0:2.1.2:1.0-port0
1790826543.5995,C,58,4302,-73,/dev/serial/by-path/pci-0000:05:00.3-usb-0:2.1.3:1.0-port0
1790826543.6001,A,69,4308,-73,/dev/serial/by-path/pci-0000:05:00.3-usb-0:2.1.1:1.0-port0
1790826543.6723,C,59,4375,-72,/dev/serial/by-path/pci-0000:05:00.3-usb-0:2.1.3:1.0-port0
1790826543.6751,A,70,4384,-73,/dev/serial/by-path/pci-0000:05:00.3-usb-0:2.1.1:1.0-port0
1790826543.6755,B,62,4380,-51,/dev/serial/by-path/pci-0000:05:00.3-usb-0:2.1.2:1.0-port0
1790826543.7053,A,71,4414,-73,/dev/serial/by-path/pci-0000:05:00.3-usb-0:2.1.1:1.0-port0
1790826543.7148,C,60,4418,-74,/dev/serial/by-path/pci-0000:05:00.3-usb-0:2.1.3:1.0-port0
1790826543.7156,B,63,4419,-56,/dev/serial/by-path/pci-0000:05:00.3-usb-0:2.1.2:1.0-port0
1790826543.7227,B,64,4427,-52,/dev/serial/by-path/pci-0000:05:00.3-usb-0:2.1.2:1.0-port0
1790826543.7231,C,61,4425,-74,/dev/serial/by-path/pci-0000:05:00.3-usb-0:2.1.3:1.0-port0
1790826543.7255,A,72,4434,-73,/dev/serial/by-path/pci-0000:05:00.3-usb-0:2.1.1:1.0-port0
1790826543.7735,C,62,4475,-70,/dev/serial/by-path/pci-0000:05:00.3-usb-0:2.1.3:1.0-port0
1790826543.7738,A,73,4481,-73,/dev/serial/by-path/pci-0000:05:00.3-usb-0:2.1.1:1.0-port0
1790826543.7774,B,65,4481,-48,/dev/serial/by-path/pci-0000:05:00.3-usb-0:2.1.2:1.0-port0
1790826543.8157,B,66,4520,-49,/dev/serial/by-path/pci-0000:05:00.3-usb-0:2.1.2:1.0-port0
