t_pc,kind,id,seq,rssi,yaw
1790829661.6481,O,,,,2.44037
1790829661.6488,O,,,,2.44037
1790829661.6494,O,,,,2.44037
1790829661.6501,O,,,,2.44037
1790829661.6923,O,,,,2.44037
1790829661.6929,O,,,,2.44037
1790829661.6934,O,,,,2.44037
1790829661.6939,O,,,,2.44037
1790829661.7672,O,,,,2.44037
1790829661.7680,O,,,,2.44037
1790829661.7685,O,,,,2.44037
1790829661.7690,O,,,,2.44037
1790829661.8369,O,,,,2.44037
1790829661.8377,O,,,,2.44037
1790829661.8383,O,,,,2.44037
1790829661.9170,O,,,,2.44037
1790829661.9177,O,,,,2.44037
1790829661.9184,O,,,,2.44037
1790829661.9190,O,,,,2.44037
1790829661.9922,O,,,,2.44037
1790829661.9929,O,,,,2.44037
1790829661.9934,O,,,,2.44037
1790829661.9939,O,,,,2.44037
1790829662.0723,O,,,,2.44037
1790829662.0730,O,,,,2.44037
1790829662.0735,O,,,,2.44037
1790829662.0741,O,,,,2.44037
1790829662.1523,O,,,,2.44037
1790829662.1531,O,,,,2.44037
1790829662.1536,O,,,,2.44037
1790829662.1541,O,,,,2.44037
1790829662.2269,O,,,,2.44037
1790829662.2276,O,,,,2.44037
1790829662.2282,O,,,,2.44037
1790829662.2286,O,,,,2.44037
1790829662.2970,O,,,,2.44037
1790829662.2977,O,,,,2.44037
1790829662.2983,O,,,,2.44037
1790829662.2988,O,,,,2.44037
1790829662.3769,O,,,,2.44037
1790829662.3777,O,,,,2.44037
1790829662.3782,O,,,,2.44037
1790829662.4522,O,,,,2.44037
1790829662.4530,O,,,,2.44037
1790829662.4535,O,,,,2.44037
1790829662.4540,O,,,,2.44037
1790829662.5324,O,,,,2.44037
1790829662.5332,O,,,,2.44037
1790829662.5337,O,,,,2.44037
1790829662.5342,O,,,,2.44037
1790829662.6119,O,,,,2.44037
1790829662.6126,O,,,,2.44037
1790829662.6132,O,,,,2.44037
1790829662.6137,O,,,,2.44037
1790829662.6873,O,,,,2.44037
1790829662.6880,O,,,,2.44037
1790829662.6886,O,,,,2.44037
1790829662.6891,O,,,,2.44037
1790829662.7672,O,,,,2.44037
1790829662.7679,O,,,,2.44037
1790829662.7685,O,,,,2.44037
1790829662.7690,O,,,,2.44037
1790829662.8370,O,,,,2.44037
1790829662.8377,O,,,,2.44037
1790829662.8382,O,,,,2.44037
1790829662.9121,O,,,,2.44037
1790829662.9129,O,,,,2.44037
1790829662.9134,O,,,,2.44037
1790829662.9139,O,,,,2.44037
1790829662.9920,O,,,,2.44037
1790829662.9927,O,,,,2.44037
1790829662.9932,O,,,,2.44037
1790829662.9937,O,,,,2.44037
1790829663.0722,O,,,,2.44037
1790829663.0730,O,,,,2.44037
1790829663.0735,O,,,,2.44037
1790829663.0740,O,,,,2.44037
1790829663.1471,O,,,,2.44037
1790829663.1477,O,,,,2.44037
1790829663.1482,O,,,,2.44037
1790829663.1487,O,,,,2.44037
1790829663.2269,O,,,,2.44037
1790829663.2277,O,,,,2.44037
1790829663.2282,O,,,,2.44037
1790829663.2288,O,,,,2.44037
1790829663.2969,O,,,,2.44037
1790829663.2976,O,,,,2.44037
1790829663.2981,O,,,,2.44037
1790829663.3717,O,,,,2.44037
1790829663.3723,O,,,,2.44037
1790829663.3729,O,,,,2.44037
1790829663.3734,O,,,,2.44037
1790829663.4516,O,,,,2.44037
1790829663.4523,O,,,,2.44037
1790829663.4529,O,,,,2.44037
1790829663.4534,O,,,,2.44037
1790829663.5272,O,,,,2.44037
1790829663.5279,O,,,,2.44037
1790829663.5285,O,,,,2.44037
1790829663.5290,O,,,,2.44037
1790829663.6072,O,,,,2.44037
1790829663.6079,O,,,,2.44037
1790829663.6084,O,,,,2.44037
1790829663.6090,O,,,,2.44037
1790829663.6872,O,,,,2.44037
1790829663.6879,O,,,,2.44037
1790829663.6884,O,,,,2.44037
1790829663.6889,O,,,,2.44037
1790829663.7623,O,,,,2.44037
1790829663.7630,O,,,,2.44037
1790829663.7636,O,,,,2.44037
1790829663.7641,O,,,,2.44037
1790829663.8323,O,,,,2.44037
1790829663.8330,O,,,,2.44037
1790829663.8335,O,,,,2.44037
1790829663.9122,O,,,,2.44037
1790829663.9129,O,,,,2.44037
1790829663.9134,O,,,,2.44037
1790829663.9140,O,,,,2.44037
1790829663.9866,O,,,,2.44037
1790829663.9872,O,,,,2.44037
1790829663.9876,O,,,,2.44037
1790829663.9882,O,,,,2.44037
1790829664.0669,O,,,,2.44037
1790829664.0677,O,,,,2.44037
1790829664.0682,O,,,,2.44037
1790829664.0688,O,,,,2.44037
1790829664.1472,O,,,,2.44037
1790829664.1480,O,,,,2.44037
1790829664.1485,O,,,,2.44037
1790829664.1490,O,,,,2.44037
1790829664.2218,O,,,,2.44037
1790829664.2225,O,,,,2.44037
1790829664.2231,O,,,,2.44037
1790829664.2235,O,,,,2.44037
1790829664.2922,O,,,,2.44037
1790829664.2929,O,,,,2.44037
1790829664.2935,O,,,,2.44037
1790829664.3723,O,,,,2.44037
1790829664.3730,O,,,,2.44037
1790829664.3735,O,,,,2.44037
1790829664.3741,O,,,,2.44037
1790829664.4471,O,,,,2.44037
1790829664.4478,O,,,,2.44037
1790829664.4483,O,,,,2.44037
1790829664.4488,O,,,,2.44037
1790829664.5272,O,,,,2.44037
1790829664.5280,O,,,,2.44037
1790829664.5285,O,,,,2.44037
1790829664.5290,O,,,,2.44037
1790829664.6070,O,,,,2.44037
1790829664.6077,O,,,,2.44037
1790829664.6083,O,,,,2.44037
1790829664.6088,O,,,,2.44037
1790829664.6820,O,,,,2.44037
1790829664.6827,O,,,,2.44037
1790829664.6833,O,,,,2.44037
1790829664.6837,O,,,,2.44037
1790829664.7622,O,,,,2.44037
1790829664.7629,O,,,,2.44037
1790829664.7634,O,,,,2.44037
1790829664.7639,O,,,,2.44037
1790829664.8321,O,,,,2.44037
1790829664.8329,O,,,,2.44037
1790829664.8334,O,,,,2.44037
1790829664.9070,O,,,,2.44037
1790829664.9078,O,,,,2.44037
1790829664.9083,O,,,,2.44037
1790829664.9089,O,,,,2.44037
1790829664.9871,O,,,,2.44037
1790829664.9878,O,,,,2.44037
1790829664.9883,O,,,,2.44037
1790829664.9888,O,,,,2.44037
1790829665.0674,O,,,,2.44037
1790829665.0685,O,,,,2.44037
1790829665.0694,O,,,,2.44037
1790829665.0703,O,,,,2.44037
1790829665.1423,O,,,,2.44037
1790829665.1429,O,,,,2.44037
1790829665.1434,O,,,,2.44037
1790829665.1440,O,,,,2.44037
1790829665.2219,O,,,,2.44037
1790829665.2227,O,,,,2.44037
1790829665.2232,O,,,,2.44037
1790829665.2237,O,,,,2.44037
1790829665.2923,O,,,,2.44037
1790829665.2930,O,,,,2.44037
1790829665.2936,O,,,,2.44037
1790829665.3671,O,,,,2.44037
1790829665.3677,O,,,,2.44037
1790829665.3682,O,,,,2.44037
1790829665.3687,O,,,,2.44037
1790829665.4469,O,,,,2.44037
1790829665.4474,O,,,,2.44037
1790829665.4480,O,,,,2.44037
1790829665.4485,O,,,,2.44037
1790829665.5222,O,,,,2.44037
1790829665.5229,O,,,,2.44037
1790829665.5234,O,,,,2.44037
1790829665.5239,O,,,,2.44037
1790829665.6023,O,,,,2.44037
1790829665.6030,O,,,,2.44037
1790829665.6035,O,,,,2.44037
1790829665.6041,O,,,,2.44037
1790829665.6826,O,,,,2.44037
1790829665.6834,O,,,,2.44037
1790829665.6839,O,,,,2.44037
1790829665.6844,O,,,,2.44037
1790829665.7573,O,,,,2.44037
1790829665.7580,O,,,,2.44037
1790829665.7586,O,,,,2.44037
1790829665.7591,O,,,,2.44037
1790829665.8268,O,,,,2.44037
1790829665.8275,O,,,,2.44037
1790829665.8281,O,,,,2.44037
1790829665.9072,O,,,,2.44037
1790829665.9079,O,,,,2.44037
1790829665.9085,O,,,,2.44037
1790829665.9096,O,,,,2.44037
1790829665.9821,O,,,,2.44037
1790829665.9828,O,,,,2.44037
1790829665.9834,O,,,,2.44037
1790829665.9839,O,,,,2.44037
1790829666.0620,O,,,,2.44037
1790829666.0627,O,,,,2.44037
1790829666.0632,O,,,,2.44037
1790829666.0637,O,,,,2.44037
1790829666.1424,O,,,,2.44037
1790829666.1431,O,,,,2.44037
1790829666.1437,O,,,,2.44037
1790829666.1442,O,,,,2.44037
1790829666.2172,O,,,,2.44037
1790829666.2180,O,,,,2.44037
1790829666.2185,O,,,,2.44037
1790829666.2190,O,,,,2.44037
1790829666.2870,O,,,,2.44037
1790829666.2877,O,,,,2.44037
1790829666.2882,O,,,,2.44037
1790829666.3669,O,,,,2.44037
1790829666.3676,O,,,,2.44037
1790829666.3684,O,,,,2.44037
1790829666.3691,O,,,,2.44037
1790829666.4421,O,,,,2.44037
1790829666.4430,O,,,,2.44037
1790829666.4436,O,,,,2.44037
1790829666.4442,O,,,,2.44037
1790829666.5222,O,,,,2.44037
1790829666.5229,O,,,,2.44037
1790829666.5234,O,,,,2.44037
1790829666.5239,O,,,,2.44037
1790829666.5973,O,,,,2.44037
1790829666.5980,O,,,,2.44037
1790829666.5985,O,,,,2.44037
1790829666.5990,O,,,,2.44037
1790829666.6772,O,,,,2.44037
1790829666.6780,O,,,,2.44037
1790829666.6785,O,,,,2.44037
1790829666.6790,O,,,,2.44037
1790829666.7573,O,,,,2.44037
1790829666.7581,O,,,,2.44037
1790829666.7586,O,,,,2.44037
1790829666.7591,O,,,,2.44037
1790829666.8263,O,,,,2.44037
1790829666.8270,O,,,,2.44037
1790829666.8276,O,,,,2.44037
1790829666.9020,O,,,,2.44037
1790829666.9027,O,,,,2.44037
1790829666.9032,O,,,,2.44037
1790829666.9037,O,,,,2.44037
1790829666.9820,O,,,,2.44037
1790829666.9827,O,,,,2.44037
1790829666.9832,O,,,,2.44037
1790829666.9838,O,,,,2.44037
1790829667.0571,O,,,,2.44037
1790829667.0578,O,,,,2.44037
1790829667.0584,O,,,,2.44037
1790829667.0590,O,,,,2.44037
1790829667.1372,O,,,,2.44037
1790829667.1379,O,,,,2.44037
1790829667.1385,O,,,,2.44037
1790829667.1390,O,,,,2.44037
1790829667.2173,O,,,,2.44037
1790829667.2181,O,,,,2.44037
1790829667.2186,O,,,,2.44037
1790829667.2192,O,,,,2.44037
1790829667.2823,O,,,,2.44037
1790829667.2832,O,,,,2.44037
1790829667.2838,O,,,,2.44037
1790829667.3623,O,,,,2.44037
1790829667.3631,O,,,,2.44037
1790829667.3636,O,,,,2.44037
1790829667.3641,O,,,,2.44037
1790829667.4420,O,,,,2.44037
1790829667.4427,O,,,,2.44037
1790829667.4433,O,,,,2.44037
1790829667.4438,O,,,,2.44037
1790829667.5171,O,,,,2.44037
1790829667.5178,O,,,,2.44037
1790829667.5183,O,,,,2.44037
1790829667.5188,O,,,,2.44037
1790829667.5973,O,,,,2.44037
1790829667.5980,O,,,,2.44037
1790829667.5986,O,,,,2.44037
1790829667.5992,O,,,,2.44037
1790829667.6770,O,,,,2.44037
1790829667.6777,O,,,,2.44037
1790829667.6783,O,,,,2.44037
1790829667.6788,O,,,,2.44037
1790829667.7428,O,,,,2.44037
1790829667.7435,O,,,,2.44037
1790829667.7440,O,,,,2.44037
1790829667.8222,O,,,,2.44037
1790829667.8229,O,,,,2.44037
1790829667.8235,O,,,,2.44037
1790829667.8241,O,,,,2.44037
1790829667.9022,O,,,,2.44037
1790829667.9030,O,,,,2.44037
1790829667.9035,O,,,,2.44037
1790829667.9040,O,,,,2.44037
1790829667.9772,O,,,,2.44037
1790829667.9778,O,,,,2.44037
1790829667.9783,O,,,,2.44037
1790829667.9788,O,,,,2.44037
1790829668.0573,O,,,,2.44037
1790829668.0581,O,,,,2.44037
1790829668.0586,O,,,,2.44037
1790829668.0591,O,,,,2.44037
1790829668.1323,O,,,,2.44037
1790829668.1330,O,,,,2.44037
1790829668.1336,O,,,,2.44037
1790829668.1341,O,,,,2.44037
1790829668.2123,O,,,,2.44037
1790829668.2130,O,,,,2.44037
1790829668.2138,O,,,,2.44037
1790829668.2143,O,,,,2.44037
1790829668.2817,O,,,,2.44037
1790829668.2823,O,,,,2.44037
1790829668.2828,O,,,,2.44037
1790829668.3576,O,,,,2.44037
1790829668.3584,O,,,,2.44037
1790829668.3589,O,,,,2.44037
1790829668.3594,O,,,,2.44037
1790829668.4370,O,,,,2.44037
1790829668.4377,O,,,,2.44037
1790829668.4382,O,,,,2.44037
1790829668.4388,O,,,,2.44037
1790829668.5173,O,,,,2.44037
1790829668.5180,O,,,,2.44037
1790829668.5185,O,,,,2.44037
1790829668.5190,O,,,,2.44037
1790829668.5923,O,,,,2.44037
1790829668.5931,O,,,,2.44037
1790829668.5936,O,,,,2.44037
1790829668.5941,O,,,,2.44037
1790829668.6722,O,,,,2.44037
1790829668.6729,O,,,,2.44037
1790829668.6735,O,,,,2.44037
1790829668.6740,O,,,,2.44037
1790829668.7420,O,,,,2.44037
1790829668.7428,O,,,,2.44037
1790829668.7433,O,,,,2.44037
1790829668.8173,O,,,,2.44037
1790829668.8180,O,,,,2.44037
1790829668.8186,O,,,,2.44037
1790829668.8191,O,,,,2.44037
1790829668.8970,O,,,,2.44037
1790829668.8977,O,,,,2.44037
1790829668.8982,O,,,,2.44037
1790829668.8987,O,,,,2.44037
1790829668.9769,O,,,,2.44037
1790829668.9777,O,,,,2.44037
1790829668.9782,O,,,,2.44037
1790829668.9788,O,,,,2.44037
1790829669.0514,O,,,,2.44037
1790829669.0520,O,,,,2.44037
1790829669.0525,O,,,,2.44037
1790829669.0531,O,,,,2.44037
1790829669.1322,O,,,,2.44037
1790829669.1329,O,,,,2.44037
1790829669.1334,O,,,,2.44037
1790829669.1340,O,,,,2.44037
1790829669.2122,O,,,,2.44037
1790829669.2129,O,,,,2.44037
1790829669.2134,O,,,,2.44037
1790829669.2139,O,,,,2.44037
1790829669.2766,O,,,,2.44037
1790829669.2773,O,,,,2.44037
1790829669.2778,O,,,,2.44037
1790829669.3565,O,,,,2.44037
1790829669.3571,O,,,,2.44037
1790829669.3576,O,,,,2.44037
1790829669.3582,O,,,,2.44037
1790829669.4374,O,,,,2.44037
1790829669.4390,O,,,,2.44037
1790829669.4396,O,,,,2.44037
1790829669.4401,O,,,,2.44037
1790829669.5121,O,,,,2.44037
1790829669.5131,O,,,,2.44037
1790829669.5140,O,,,,2.44037
1790829669.5148,O,,,,2.44037
1790829669.5921,O,,,,2.44037
1790829669.5929,O,,,,2.44037
1790829669.5934,O,,,,2.44037
1790829669.5939,O,,,,2.44037
1790829669.6723,O,,,,2.44037
1790829669.6730,O,,,,2.44037
1790829669.6736,O,,,,2.44037
1790829669.6741,O,,,,2.44037
1790829669.7370,O,,,,2.44037
1790829669.7376,O,,,,2.44037
1790829669.7381,O,,,,2.44037
1790829669.8174,O,,,,2.44037
1790829669.8181,O,,,,2.44037
1790829669.8187,O,,,,2.44037
1790829669.8192,O,,,,2.44037
1790829669.8973,O,,,,2.44037
1790829669.8980,O,,,,2.44037
1790829669.8985,O,,,,2.44037
1790829669.8990,O,,,,2.44037
1790829669.9720,O,,,,2.44037
1790829669.9728,O,,,,2.44037
1790829669.9733,O,,,,2.44037
1790829669.9738,O,,,,2.44037
1790829670.0522,O,,,,2.44037
1790829670.0529,O,,,,2.44037
1790829670.0534,O,,,,2.44037
1790829670.0539,O,,,,2.44037
1790829670.1268,O,,,,2.44037
1790829670.1274,O,,,,2.44037
1790829670.1279,O,,,,2.44037
1790829670.1285,O,,,,2.44037
1790829670.2067,O,,,,2.44037
1790829670.2073,O,,,,2.44037
1790829670.2079,O,,,,2.44037
1790829670.2084,O,,,,2.44037
1790829670.2773,O,,,,2.44037
1790829670.2780,O,,,,2.44037
1790829670.2785,O,,,,2.44037
1790829670.3523,O,,,,2.44037
1790829670.3531,O,,,,2.44037
1790829670.3536,O,,,,2.44037
1790829670.3541,O,,,,2.44037
1790829670.4323,O,,,,2.44037
1790829670.4330,O,,,,2.44037
1790829670.4336,O,,,,2.44037
1790829670.4342,O,,,,2.44037
1790829670.5118,O,,,,2.44037
1790829670.5124,O,,,,2.44037
1790829670.5130,O,,,,2.44037
1790829670.5135,O,,,,2.44037
1790829670.5870,O,,,,2.44037
1790829670.5878,O,,,,2.44037
1790829670.5883,O,,,,2.44037
1790829670.5888,O,,,,2.44037
1790829670.6671,O,,,,2.44037
1790829670.6679,O,,,,2.44037
1790829670.6685,O,,,,2.44037
1790829670.6692,O,,,,2.44037
1790829670.7370,O,,,,2.44037
1790829670.7377,O,,,,2.44037
1790829670.7382,O,,,,2.44037
1790829670.8121,O,,,,2.44037
1790829670.8134,O,,,,2.44037
1790829670.8144,O,,,,2.44037
1790829670.8154,O,,,,2.44037
1790829670.8921,O,,,,2.44037
1790829670.8942,O,,,,2.44037
1790829670.8947,O,,,,2.44037
1790829670.8952,O,,,,2.44037
1790829670.9723,O,,,,2.44037
1790829670.9730,O,,,,2.44037
1790829670.9742,O,,,,2.44037
1790829670.9747,O,,,,2.44037
1790829671.0464,O,,,,2.44037
1790829671.0473,O,,,,2.44037
1790829671.0480,O,,,,2.44037
1790829671.0487,O,,,,2.44037
1790829671.1261,O,,,,2.44037
1790829671.1268,O,,,,2.44037
1790829671.1274,O,,,,2.44037
1790829671.1279,O,,,,2.44037
1790829671.2061,O,,,,2.44037
1790829671.2068,O,,,,2.44037
1790829671.2073,O,,,,2.44037
1790829671.2078,O,,,,2.44037
1790829671.2713,O,,,,2.44037
1790829671.2719,O,,,,2.44037
1790829671.2724,O,,,,2.44037
1790829671.3514,O,,,,2.44037
1790829671.3520,O,,,,2.44037
1790829671.3526,O,,,,2.44037
1790829671.3531,O,,,,2.44037
1790829671.4314,O,,,,2.44037
1790829671.4321,O,,,,2.44037
1790829671.4326,O,,,,2.44037
1790829671.4332,O,,,,2.44037
1790829671.5078,O,,,,2.44037
1790829671.5084,O,,,,2.44037
1790829671.5090,O,,,,2.44037
1790829671.5095,O,,,,2.44037
1790829671.5875,O,,,,2.44037
1790829671.5883,O,,,,2.44037
1790829671.5888,O,,,,2.44037
1790829671.5893,O,,,,2.44037
1790829671.6615,O,,,,2.44037
1790829671.6623,O,,,,2.44037
1790829671.6629,O,,,,2.44037
1790829671.6634,O,,,,2.44037
1790829671.7318,O,,,,2.44037
1790829671.7325,O,,,,2.44037
1790829671.7331,O,,,,2.44037
1790829671.8122,O,,,,2.44037
1790829671.8129,O,,,,2.44037
1790829671.8134,O,,,,2.44037
1790829671.8139,O,,,,2.44037
1790829671.8873,O,,,,2.44037
1790829671.8880,O,,,,2.44037
1790829671.8886,O,,,,2.44037
1790829671.8891,O,,,,2.44037
1790829671.9664,O,,,,2.44037
1790829671.9671,O,,,,2.44037
1790829671.9677,O,,,,2.44037
1790829671.9682,O,,,,2.44037
1790829672.0471,O,,,,2.44037
1790829672.0477,O,,,,2.44037
1790829672.0483,O,,,,2.44037
1790829672.0489,O,,,,2.44037
1790829672.1215,O,,,,2.44037
1790829672.1222,O,,,,2.44037
1790829672.1228,O,,,,2.44037
1790829672.1233,O,,,,2.44037
1790829672.2273,R,A,0,-70,
1790829672.1921,O,,,,2.44037
1790829672.1929,O,,,,2.44037
1790829672.1934,O,,,,2.44037
1790829672.1941,O,,,,2.44037
1790829672.2719,O,,,,2.44037
1790829672.2727,O,,,,2.44037
1790829672.2733,O,,,,2.44037
1790829672.2982,R,A,1,-71,
1790829672.3474,O,,,,2.44037
1790829672.3482,O,,,,2.44037
1790829672.3488,O,,,,2.44037
1790829672.3493,O,,,,2.44037
1790829672.4092,R,A,2,-66,
1790829672.4551,R,A,3,-67,
1790829672.4266,O,,,,2.44037
1790829672.4273,O,,,,2.44037
1790829672.4278,O,,,,2.44037
1790829672.4283,O,,,,2.44037
1790829672.4966,R,A,4,-71,
1790829672.5625,R,A,5,-65,
1790829672.5070,O,,,,2.44037
1790829672.5077,O,,,,2.44037
1790829672.5083,O,,,,2.44037
1790829672.5089,O,,,,2.44037
1790829672.5825,O,,,,2.44037
1790829672.5833,O,,,,2.44037
1790829672.5839,O,,,,2.44037
1790829672.5844,O,,,,2.44037
1790829672.5943,R,A,6,-67,
1790829672.6444,R,A,7,-76,
1790829672.6869,R,A,8,-67,
1790829672.6619,O,,,,2.44037
1790829672.6626,O,,,,2.44037
1790829672.6631,O,,,,2.44037
1790829672.6636,O,,,,2.44037
1790829672.7308,R,C,0,-75,
1790829672.7376,R,A,9,-68,
1790829672.7377,R,B,0,-65,
1790829672.7807,R,B,1,-67,
1790829672.7315,O,,,,2.44037
1790829672.7323,O,,,,2.44037
1790829672.7328,O,,,,2.44037
1790829672.8096,R,C,1,-72,
1790829672.8146,R,A,10,-81,
1790829672.8283,R,C,2,-72,
1790829672.8409,R,A,11,-66,
1790829672.8411,R,B,2,-74,
1790829672.8071,O,,,,2.44037
1790829672.8079,O,,,,2.44037
1790829672.8084,O,,,,2.44037
1790829672.8090,O,,,,2.44037
1790829672.8872,O,,,,2.44037
1790829672.8880,O,,,,2.44037
1790829672.8885,O,,,,2.44037
1790829672.8890,O,,,,2.44037
1790829672.8934,R,B,3,-64,
1790829672.9068,R,C,3,-75,
1790829672.9144,R,A,12,-67,
1790829672.9260,R,A,13,-83,
1790829672.9429,R,B,4,-65,
1790829672.9449,R,C,4,-71,
1790829672.9648,R,C,5,-72,
1790829672.9800,R,B,5,-67,
1790829672.9623,O,,,,2.44037
1790829672.9630,O,,,,2.44037
1790829672.9636,O,,,,2.44037
1790829672.9641,O,,,,2.44037
1790829673.0061,R,A,14,-69,
1790829673.0068,R,C,6,-73,
1790829673.0109,R,B,6,-61,
1790829673.0549,R,C,7,-69,
1790829673.0581,R,A,15,-74,
1790829673.0583,R,B,7,-63,
1790829673.0423,O,,,,2.44037
1790829673.0430,O,,,,2.44037
1790829673.0435,O,,,,2.44037
1790829673.0440,O,,,,2.44037
1790829673.1069,R,C,8,-74,
1790829673.1147,R,A,16,-76,
1790829673.1289,R,B,8,-64,
1790829673.1458,R,A,17,-69,
1790829673.1460,R,C,9,-70,
1790829673.1601,R,B,9,-60,
1790829673.1903,R,B,10,-60,
1790829673.1905,R,C,10,-68,
1790829673.1941,R,A,18,-76,
1790829673.1219,O,,,,2.44037
1790829673.1227,O,,,,2.44037
1790829673.1232,O,,,,2.44037
1790829673.1238,O,,,,2.44037
1790829673.1921,O,,,,2.44037
1790829673.1929,O,,,,2.44037
1790829673.1934,O,,,,2.44037
1790829673.2356,R,C,11,-74,
1790829673.2358,R,B,11,-63,
1790829673.2467,R,A,19,-84,
1790829673.2819,R,B,12,-63,
1790829673.2821,R,A,20,-73,
1790829673.2823,R,C,12,-70,
1790829673.2672,O,,,,2.44037
1790829673.2679,O,,,,2.44037
1790829673.2685,O,,,,2.44037
1790829673.2690,O,,,,2.44037
1790829673.3292,R,B,13,-58,
1790829673.3501,R,C,13,-67,
1790829673.3502,R,A,21,-85,
1790829673.3741,R,C,14,-74,
1790829673.3742,R,B,14,-62,
1790829673.3744,R,A,22,-89,
1790829673.3468,O,,,,2.44037
1790829673.3475,O,,,,2.44037
1790829673.3481,O,,,,2.44037
1790829673.3486,O,,,,2.44037
1790829673.4257,R,C,15,-70,
1790829673.4427,R,B,15,-64,
1790829673.4577,R,C,16,-69,
1790829673.4660,R,A,23,-72,
1790829673.4706,R,B,16,-59,
1790829673.4218,O,,,,2.44037
1790829673.4224,O,,,,2.44037
1790829673.4229,O,,,,2.44037
1790829673.4234,O,,,,2.44037
1790829673.5036,R,C,17,-66,
1790829673.5039,R,A,24,-77,
1790829673.5042,R,B,17,-63,
1790829673.5477,R,C,18,-74,
1790829673.5601,R,A,25,-91,
1790829673.5950,R,C,19,-69,
1790829673.5954,R,A,26,-71,
1790829673.5013,O,,,,2.44037
1790829673.5019,O,,,,2.44037
1790829673.5024,O,,,,2.44037
1790829673.5029,O,,,,2.44037
1790829673.5823,O,,,,2.44037
1790829673.5830,O,,,,2.44037
1790829673.5835,O,,,,2.44037
1790829673.5840,O,,,,2.44037
1790829673.6434,R,C,20,-66,
1790829673.6648,R,A,27,-74,
1790829673.6931,R,B,18,-65,
1790829673.6984,R,A,28,-74,
1790829673.6986,R,C,21,-73,
1790829673.6568,O,,,,2.44037
1790829673.6575,O,,,,2.44037
1790829673.6580,O,,,,2.44037
1790829673.6585,O,,,,2.44037
1790829673.7287,R,C,22,-69,
1790829673.7433,R,B,19,-66,
1790829673.7499,R,A,29,-71,
1790829673.7850,R,A,30,-75,
1790829673.7266,O,,,,2.44037
1790829673.7273,O,,,,2.44037
1790829673.7278,O,,,,2.44037
1790829673.8171,R,B,20,-65,
1790829673.8351,R,C,23,-71,
1790829673.8592,R,A,31,-71,
1790829673.8727,R,B,21,-66,
1790829673.8081,O,,,,2.44037
1790829673.8086,O,,,,2.44037
1790829673.8092,O,,,,2.44037
1790829673.8098,O,,,,2.44037
1790829673.8820,O,,,,2.44037
1790829673.8977,R,C,24,-69,
1790829673.8979,R,A,32,-72,
1790829673.9094,R,B,22,-62,
1790829673.9506,R,C,25,-66,
1790829673.8832,O,,,,2.44037
1790829673.8838,O,,,,2.44037
1790829673.8844,O,,,,2.44302
1790829673.9620,O,,,,2.44831
1790829673.9655,R,B,23,-67,
1790829673.9656,R,A,33,-73,
1790829673.9932,R,B,24,-68,
1790829674.0078,R,C,26,-72,
1790829674.0143,R,A,34,-71,
1790829674.0400,R,B,25,-65,
1790829673.9631,O,,,,2.45493
1790829673.9639,O,,,,2.46552
1790829673.9646,O,,,,2.47743
1790829674.0418,O,,,,2.49200
1790829674.0764,R,C,27,-70,
1790829674.0829,R,B,26,-63,
1790829674.1119,R,A,35,-71,
1790829674.0428,O,,,,2.50391
1790829674.0434,O,,,,2.51847
1790829674.0439,O,,,,2.53303
1790829674.1172,O,,,,2.54759
1790829674.1269,R,B,27,-63,
1790829674.1270,R,C,28,-81,
1790829674.1273,R,A,36,-72,
1790829674.1730,R,C,29,-79,
1790829674.1732,R,B,28,-63,
1790829674.1182,O,,,,2.56347
1790829674.1187,O,,,,2.57803
1790829674.1192,O,,,,2.59392
1790829674.1872,O,,,,2.60980
1790829674.2145,R,A,37,-74,
1790829674.2234,R,C,30,-73,
1790829674.2237,R,B,29,-60,
1790829674.2275,R,A,38,-73,
1790829674.1882,O,,,,2.62568
1790829674.1888,O,,,,2.64157
1790829674.2673,O,,,,2.65878
1790829674.2929,R,B,30,-64,
1790829674.3121,R,B,31,-62,
1790829674.3140,R,A,39,-72,
1790829674.3141,R,C,31,-82,
1790829674.2683,O,,,,2.67466
1790829674.2688,O,,,,2.69054
1790829674.2693,O,,,,2.70907
1790829674.3419,O,,,,2.72496
1790829674.3538,R,A,40,-75,
1790829674.3570,R,C,32,-79,
1790829674.3629,R,B,32,-62,
1790829674.3990,R,A,41,-77,
1790829674.4075,R,C,33,-70,
1790829674.3430,O,,,,2.74217
1790829674.3435,O,,,,2.75937
1790829674.3441,O,,,,2.77658
1790829674.4249,R,B,33,-64,
1790829674.4578,R,C,34,-71,
1790829674.4653,R,A,42,-68,
1790829674.4221,O,,,,2.79247
1790829674.4228,O,,,,2.81100
1790829674.4236,O,,,,2.82688
1790829674.4242,O,,,,2.84276
1790829674.4899,R,B,34,-64,
1790829674.4899,R,B,35,-68,
1790829674.4914,R,A,43,-73,
1790829674.5000,R,C,35,-69,
1790829674.5432,R,B,36,-77,
1790829674.5459,R,C,36,-68,
1790829674.5462,R,A,44,-75,
1790829674.5014,O,,,,2.85997
1790829674.5022,O,,,,2.87718
1790829674.5028,O,,,,2.89439
1790829674.5033,O,,,,2.91027
1790829674.5879,R,A,45,-66,
1790829674.6353,R,B,37,-73,
1790829674.5767,O,,,,2.92748
1790829674.5776,O,,,,2.94469
1790829674.5782,O,,,,2.96057
1790829674.5787,O,,,,2.97645
1790829674.6472,R,C,37,-75,
1790829674.6482,R,A,46,-73,
1790829674.6781,R,B,38,-67,
1790829674.7074,R,C,38,-70,
1790829674.7148,R,A,47,-77,
1790829674.6565,O,,,,2.99498
1790829674.6572,O,,,,3.01087
1790829674.6580,O,,,,3.02675
1790829674.6587,O,,,,3.04528
1790829674.7274,O,,,,3.06117
1790829674.7300,R,C,39,-68,
1790829674.7301,R,B,39,-77,
1790829674.7619,R,B,40,-72,
1790829674.7636,R,A,48,-69,
1790829674.7703,R,C,40,-65,
1790829674.7285,O,,,,3.07838
1790829674.7291,O,,,,3.09426
1790829674.8021,O,,,,3.11147
1790829674.8055,R,A,49,-76,
1790829674.8075,R,C,41,-65,
1790829674.8429,R,B,41,-65,
1790829674.8482,R,A,50,-80,
1790829674.8483,R,C,42,-67,
1790829674.8531,R,B,42,-67,
1790829674.8032,O,,,,3.12867
1790829674.8040,O,,,,-3.13863
1790829674.8047,O,,,,-3.12142
1790829674.8823,O,,,,-3.10554
1790829674.8925,R,B,43,-65,
1790829674.8948,R,C,43,-79,
1790829674.8953,R,A,51,-74,
1790829674.9357,R,C,44,-75,
1790829674.9359,R,B,44,-64,
1790829674.9361,R,A,52,-80,
1790829674.8833,O,,,,-3.08833
1790829674.8839,O,,,,-3.07112
1790829674.8844,O,,,,-3.05524
1790829674.9573,O,,,,-3.03803
1790829674.9787,R,A,53,-89,
1790829674.9929,R,B,45,-68,
1790829675.0071,R,C,45,-78,
1790829674.9583,O,,,,-3.02215
1790829674.9588,O,,,,-3.00494
1790829674.9594,O,,,,-2.98773
1790829675.0439,R,B,46,-64,
1790829675.0579,R,C,46,-67,
1790829675.0654,R,A,54,-77,
1790829675.0712,R,B,47,-65,
1790829675.1075,R,C,47,-69,
1790829675.1093,R,A,55,-89,
1790829675.1093,R,A,56,-87,
1790829675.0411,O,,,,-2.97185
1790829675.0420,O,,,,-2.95464
1790829675.0426,O,,,,-2.93875
1790829675.0432,O,,,,-2.92155
1790829675.1204,R,B,48,-82,
1790829675.1582,R,C,48,-68,
1790829675.1643,R,B,49,-63,
1790829675.1649,R,A,57,-77,
1790829675.1217,O,,,,-2.90434
1790829675.1232,O,,,,-2.88846
1790829675.1251,O,,,,-2.87125
1790829675.1256,O,,,,-2.85536
1790829675.1869,O,,,,-2.83816
1790829675.2044,R,B,50,-66,
1790829675.2061,R,A,58,-85,
1790829675.2480,R,A,59,-82,
1790829675.2482,R,C,49,-70,
1790829675.1880,O,,,,-2.82095
1790829675.1885,O,,,,-2.80507
1790829675.2623,O,,,,-2.78786
1790829675.2671,R,B,51,-74,
1790829675.2934,R,B,52,-72,
1790829675.2938,R,A,60,-77,
1790829675.2939,R,C,50,-71,
1790829675.2634,O,,,,-2.77197
1790829675.2640,O,,,,-2.75477
1790829675.2646,O,,,,-2.73756
1790829675.3408,R,B,53,-66,
1790829675.3572,R,C,51,-68,
1790829675.3653,R,A,61,-84,
1790829675.3837,R,A,62,-77,
1790829675.3934,R,B,54,-64,
1790829675.3444,O,,,,-2.72035
1790829675.3452,O,,,,-2.70447
1790829675.3464,O,,,,-2.68726
1790829675.3479,O,,,,-2.67138
1790829675.4316,R,B,55,-66,
1790829675.4470,R,C,52,-72,
1790829675.4472,R,A,63,-75,
1790829675.4824,R,B,56,-65,
1790829675.4826,R,A,64,-76,
1790829675.4928,R,C,53,-66,
1790829675.4169,O,,,,-2.65549
1790829675.4179,O,,,,-2.63828
1790829675.4187,O,,,,-2.62240
1790829675.4196,O,,,,-2.60519
1790829675.5432,R,B,57,-63,
1790829675.5572,R,C,54,-75,
1790829675.5652,R,A,65,-76,
1790829675.5717,R,C,55,-73,
1790829675.5721,R,A,66,-76,
1790829675.4969,O,,,,-2.58799
1790829675.4975,O,,,,-2.57210
1790829675.4981,O,,,,-2.55489
1790829675.4987,O,,,,-2.53901
1790829675.5809,R,B,58,-61,
1790829675.6434,R,B,59,-63,
1790829675.5765,O,,,,-2.52180
1790829675.5772,O,,,,-2.50459
1790829675.5778,O,,,,-2.48739
1790829675.5784,O,,,,-2.47150
1790829675.6519,O,,,,-2.45430
1790829675.6571,R,C,56,-74,
1790829675.6647,R,A,67,-83,
1790829675.6685,R,C,57,-68,
1790829675.6686,R,B,60,-61,
1790829675.7152,R,A,68,-82,
1790829675.6530,O,,,,-2.43709
1790829675.6535,O,,,,-2.42120
1790829675.6541,O,,,,-2.40400
1790829675.7216,O,,,,-2.38811
1790829675.7313,R,B,61,-58,
1790829675.7574,R,C,58,-69,
1790829675.7682,R,B,62,-62,
1790829675.7225,O,,,,-2.37091
1790829675.7231,O,,,,-2.35502
1790829675.8076,R,C,59,-65,
1790829675.8148,R,A,69,-82,
1790829675.8291,R,B,63,-60,
1790829675.8582,R,C,60,-72,
1790829675.8104,O,,,,-2.33781
1790829675.8123,O,,,,-2.32061
1790829675.8130,O,,,,-2.30472
1790829675.8135,O,,,,-2.28752
1790829675.8856,R,C,61,-70,
1790829675.8932,R,B,64,-57,
1790829675.8952,R,A,70,-83,
1790829675.9298,R,C,62,-78,
1790829675.9300,R,B,65,-65,
1790829675.8770,O,,,,-2.27031
1790829675.8777,O,,,,-2.25442
1790829675.8783,O,,,,-2.23854
1790829675.8788,O,,,,-2.22266
1790829675.9570,O,,,,-2.20412
1790829675.9771,R,B,66,-59,
1790829676.0011,R,C,63,-67,
1790829676.0025,R,A,71,-91,
1790829676.0272,R,B,67,-57,
1790829675.9580,O,,,,-2.18824
1790829675.9586,O,,,,-2.17236
1790829675.9592,O,,,,-2.15383
1790829676.0322,O,,,,-2.13794
1790829676.0398,R,C,64,-74,
1790829676.0408,R,A,72,-78,
1790829676.0932,R,B,68,-65,
1790829676.0332,O,,,,-2.12206
1790829676.0338,O,,,,-2.10353
1790829676.0343,O,,,,-2.08764
1790829676.1054,R,C,65,-71,
1790829676.1056,R,A,73,-89,
1790829676.1183,R,B,69,-59,
1790829676.1410,R,A,74,-78,
1790829676.1536,R,C,66,-74,
1790829676.1666,R,B,70,-59,
1790829676.1139,O,,,,-2.07176
1790829676.1157,O,,,,-2.05323
1790829676.1167,O,,,,-2.03734
1790829676.1172,O,,,,-2.02146
1790829676.2153,R,A,75,-77,
1790829676.2571,R,C,67,-63,
1790829676.2577,R,A,76,-80,
1790829676.1816,O,,,,-2.00558
1790829676.1822,O,,,,-1.98704
1790829676.1828,O,,,,-1.97116
1790829676.2622,O,,,,-1.95528
1790829676.2662,R,B,71,-61,
1790829676.3016,R,C,68,-66,
1790829676.3077,R,B,72,-61,
1790829676.3082,R,A,77,-77,
1790829676.2633,O,,,,-1.93675
1790829676.2639,O,,,,-1.92086
1790829676.2644,O,,,,-1.90365
1790829676.3369,O,,,,-1.88645
1790829676.3492,R,C,69,-67,
1790829676.3647,R,A,78,-77,
1790829676.3887,R,B,73,-69,
1790829676.3887,R,B,74,-69,
1790829676.3379,O,,,,-1.87056
1790829676.3384,O,,,,-1.85468
1790829676.3390,O,,,,-1.83880
1790829676.4078,R,C,70,-63,
1790829676.4150,R,A,79,-76,
1790829676.4351,R,C,71,-63,
1790829676.4355,R,A,80,-73,
1790829676.4432,R,B,75,-69,
1790829676.4166,O,,,,-1.82026
1790829676.4179,O,,,,-1.80438
1790829676.4193,O,,,,-1.78850
1790829676.4200,O,,,,-1.77129
1790829676.4830,R,B,76,-63,
1790829676.4834,R,A,81,-83,
1790829676.4834,R,C,72,-64,
1790829676.5262,R,C,73,-61,
1790829676.5430,R,B,77,-68,
1790829676.4965,O,,,,-1.75408
1790829676.4973,O,,,,-1.73820
1790829676.4978,O,,,,-1.72099
1790829676.4984,O,,,,-1.70378
1790829676.5664,R,B,78,-66,
1790829676.5822,R,C,74,-62,
1790829676.6108,R,A,82,-73,
1790829676.6274,R,B,79,-62,
1790829676.6276,R,C,75,-62,
1790829676.5742,O,,,,-1.68790
1790829676.5749,O,,,,-1.67201
1790829676.5754,O,,,,-1.65348
1790829676.5760,O,,,,-1.63760
1790829676.6628,R,A,83,-83,
1790829676.6931,R,B,80,-66,
1790829676.7013,R,C,76,-58,
1790829676.7013,R,C,77,-59,
1790829676.6515,O,,,,-1.62172
1790829676.6522,O,,,,-1.60451
1790829676.6527,O,,,,-1.58730
1790829676.6532,O,,,,-1.57142
1790829676.7146,R,B,81,-64,
1790829676.7147,R,A,84,-72,
1790829676.7420,R,A,85,-84,
1790829676.7431,R,B,82,-65,
1790829676.7530,R,C,78,-61,
1790829676.7206,O,,,,-1.55421
1790829676.7222,O,,,,-1.53700
1790829676.7235,O,,,,-1.52112
1790829676.8343,R,C,79,-72,
1790829676.8346,R,B,83,-70,
1790829676.8348,R,A,86,-69,
1790829676.7955,O,,,,-1.50391
1790829676.7962,O,,,,-1.48670
1790829676.7978,O,,,,-1.47082
1790829676.7987,O,,,,-1.45493
1790829676.8731,R,C,80,-66,
1790829676.8791,R,B,84,-63,
1790829676.8793,R,A,87,-79,
1790829676.9150,R,A,88,-82,
1790829676.8765,O,,,,-1.43905
1790829676.8772,O,,,,-1.42184
1790829676.8778,O,,,,-1.40464
1790829676.8784,O,,,,-1.38875
1790829676.9373,R,B,85,-65,
1790829676.9375,R,C,81,-65,
1790829676.9937,R,B,86,-65,
1790829677.0071,R,C,82,-75,
1790829676.9516,O,,,,-1.37154
1790829676.9531,O,,,,-1.35434
1790829676.9537,O,,,,-1.33845
1790829676.9543,O,,,,-1.31992
1790829677.0153,R,B,87,-63,
1790829677.0154,R,A,89,-77,
1790829677.0317,O,,,,-1.30404
1790829677.0324,O,,,,-1.28815
1790829677.0330,O,,,,-1.27095
1790829677.0336,O,,,,-1.25374
1790829677.1045,R,B,88,-67,
1790829677.1061,R,C,83,-81,
1790829677.1065,R,A,90,-72,
1790829677.1528,R,B,89,-61,
1790829677.1577,R,C,84,-61,
1790829677.1645,R,A,91,-84,
1790829677.1114,O,,,,-1.23785
1790829677.1123,O,,,,-1.22065
1790829677.1129,O,,,,-1.20344
1790829677.1135,O,,,,-1.18756
1790829677.1928,R,B,90,-61,
1790829677.2078,R,C,85,-70,
1790829677.2153,R,A,92,-75,
1790829677.2437,R,B,91,-61,
1790829677.2475,R,A,93,-72,
1790829677.2478,R,C,86,-69,
1790829677.1771,O,,,,-1.17035
1790829677.1777,O,,,,-1.15314
1790829677.1783,O,,,,-1.13726
1790829677.2571,O,,,,-1.12005
1790829677.2822,R,C,87,-59,
1790829677.2934,R,B,92,-64,
1790829677.2937,R,A,94,-84,
1790829677.3308,R,B,93,-63,
1790829677.3310,R,C,88,-63,
1790829677.3319,R,A,95,-75,
1790829677.2581,O,,,,-1.10284
1790829677.2587,O,,,,-1.08696
1790829677.2593,O,,,,-1.06975
1790829677.3372,O,,,,-1.05387
1790829677.3888,R,C,89,-72,
1790829677.3930,R,B,94,-61,
1790829677.3383,O,,,,-1.03666
1790829677.3388,O,,,,-1.02077
1790829677.3394,O,,,,-1.00357
1790829677.4113,O,,,,-0.98636
1790829677.4155,R,A,96,-70,
1790829677.4180,R,B,95,-70,
1790829677.4181,R,C,90,-59,
1790829677.4584,R,B,96,-65,
1790829677.4627,R,A,97,-86,
1790829677.4122,O,,,,-0.97048
1790829677.4132,O,,,,-0.95327
1790829677.4148,O,,,,-0.93606
1790829677.4920,O,,,,-0.92018
1790829677.5083,R,B,97,-64,
1790829677.5571,R,A,98,-70,
1790829677.5575,R,C,91,-65,
1790829677.5582,R,B,98,-71,
1790829677.4932,O,,,,-0.90429
1790829677.4939,O,,,,-0.88576
1790829677.4945,O,,,,-0.86988
1790829677.5980,R,C,92,-58,
1790829677.6096,R,B,99,-69,
1790829677.6152,R,A,99,-74,
1790829677.5708,O,,,,-0.85399
1790829677.5716,O,,,,-0.83679
1790829677.5730,O,,,,-0.81958
1790829677.5742,O,,,,-0.80369
1790829677.6373,O,,,,-0.78781
1790829677.6410,R,B,100,-72,
1790829677.6507,R,C,93,-66,
1790829677.6509,R,A,100,-75,
1790829677.6889,R,C,94,-69,
1790829677.6383,O,,,,-0.77060
1790829677.6388,O,,,,-0.75340
1790829677.7173,O,,,,-0.73751
1790829677.7308,R,C,95,-58,
1790829677.7339,R,B,101,-65,
1790829677.7375,R,A,101,-72,
1790829677.7804,R,B,102,-74,
1790829677.7809,R,A,102,-73,
1790829677.7821,R,C,96,-70,
1790829677.7186,O,,,,-0.72163
1790829677.7192,O,,,,-0.70442
1790829677.7197,O,,,,-0.68854
1790829677.7969,O,,,,-0.67133
1790829677.8433,R,B,103,-66,
1790829677.8571,R,C,97,-61,
1790829677.8580,R,A,103,-74,
1790829677.7981,O,,,,-0.65412
1790829677.7986,O,,,,-0.63824
1790829677.7994,O,,,,-0.62103
1790829677.8843,R,B,104,-81,
1790829677.8845,R,A,104,-70,
1790829677.8848,R,C,98,-55,
1790829677.9155,R,B,105,-66,
1790829677.8756,O,,,,-0.60382
1790829677.8767,O,,,,-0.58794
1790829677.8782,O,,,,-0.57073
1790829677.8789,O,,,,-0.55352
1790829677.9561,R,C,99,-67,
1790829677.9602,R,C,100,-64,
1790829677.9603,R,A,105,-74,
1790829677.9572,O,,,,-0.53764
1790829677.9581,O,,,,-0.52176
1790829677.9588,O,,,,-0.50322
1790829677.9594,O,,,,-0.48734
1790829678.0269,O,,,,-0.47146
1790829678.0429,R,B,106,-67,
1790829678.0509,R,C,101,-54,
1790829678.0510,R,A,106,-68,
1790829678.0562,R,B,107,-68,
1790829678.0940,R,A,107,-79,
1790829678.0961,R,C,102,-60,
1790829678.0279,O,,,,-0.45293
1790829678.0284,O,,,,-0.43704
1790829678.0290,O,,,,-0.42116
1790829678.1069,O,,,,-0.40263
1790829678.1382,R,B,108,-68,
1790829678.1576,R,C,103,-55,
1790829678.1645,R,A,108,-73,
1790829678.1093,O,,,,-0.38674
1790829678.1098,O,,,,-0.37086
1790829678.1104,O,,,,-0.35233
1790829678.1774,O,,,,-0.33644
1790829678.1837,R,B,109,-80,
1790829678.1842,R,C,104,-52,
1790829678.1946,R,A,109,-66,
1790829678.2244,R,B,110,-78,
1790829678.1785,O,,,,-0.32056
1790829678.1791,O,,,,-0.30468
1790829678.2508,R,A,110,-81,
1790829678.2509,R,C,105,-57,
1790829678.2889,R,C,106,-55,
1790829678.2901,R,A,111,-73,
1790829678.2916,R,B,111,-81,
1790829678.3150,R,A,112,-71,
1790829678.2598,O,,,,-0.28614
1790829678.2612,O,,,,-0.27026
1790829678.2626,O,,,,-0.25438
1790829678.2632,O,,,,-0.23585
1790829678.3429,R,B,112,-73,
1790829678.3577,R,C,107,-50,
1790829678.3665,R,A,113,-66,
1790829678.3671,R,B,113,-82,
1790829678.4064,R,C,108,-55,
1790829678.4066,R,A,114,-71,
1790829678.3320,O,,,,-0.21996
1790829678.3325,O,,,,-0.20408
1790829678.3331,O,,,,-0.18687
1790829678.3336,O,,,,-0.16966
1790829678.4394,R,B,114,-71,
1790829678.4562,R,C,109,-52,
1790829678.4563,R,B,115,-84,
1790829678.4650,R,A,115,-67,
1790829678.4124,O,,,,-0.15378
1790829678.4130,O,,,,-0.13657
1790829678.4135,O,,,,-0.12069
1790829678.4141,O,,,,-0.10480
1790829678.4872,O,,,,-0.08892
1790829678.5074,R,C,110,-50,
1790829678.5111,R,A,116,-66,
1790829678.5385,R,B,116,-82,
1790829678.5580,R,C,111,-53,
1790829678.5655,R,A,117,-67,
1790829678.4883,O,,,,-0.07171
1790829678.4889,O,,,,-0.05450
1790829678.4894,O,,,,-0.03730
1790829678.5670,O,,,,-0.02009
1790829678.5874,R,A,118,-65,
1790829678.5876,R,B,117,-69,
1790829678.5889,R,C,112,-53,
1790829678.6309,R,B,118,-77,
1790829678.6312,R,C,113,-51,
1790829678.5680,O,,,,-0.00288
1790829678.5685,O,,,,0.01300
1790829678.5691,O,,,,0.02889
1790829678.6406,R,A,119,-70,
1790829678.6720,R,C,114,-53,
1790829678.6721,R,B,119,-78,
1790829678.7090,R,A,120,-66,
1790829678.6364,O,,,,0.04742
1790829678.6373,O,,,,0.06330
1790829678.6379,O,,,,0.08051
1790829678.7124,O,,,,0.09639
1790829678.7162,R,A,121,-67,
1790829678.7163,R,B,120,-73,
1790829678.7574,R,C,115,-54,
1790829678.7654,R,A,122,-67,
1790829678.7690,R,C,116,-54,
1790829678.7691,R,B,121,-72,
1790829678.7134,O,,,,0.11360
1790829678.7140,O,,,,0.12948
1790829678.7153,O,,,,0.14669
1790829678.7923,O,,,,0.16390
1790829678.8061,R,B,122,-73,
1790829678.8068,R,A,123,-72,
1790829678.8076,R,C,117,-56,
1790829678.8579,R,C,118,-55,
1790829678.8650,R,A,124,-72,
1790829678.7933,O,,,,0.17978
1790829678.7939,O,,,,0.19699
1790829678.7944,O,,,,0.21420
1790829678.8722,O,,,,0.23008
1790829678.8769,R,B,123,-80,
1790829678.8971,R,A,125,-73,
1790829678.9081,R,C,119,-56,
1790829678.9137,R,B,124,-76,
1790829678.9442,R,B,125,-76,
1790829678.8733,O,,,,0.24597
1790829678.8740,O,,,,0.26317
1790829678.8746,O,,,,0.28038
1790829678.9474,O,,,,0.29626
1790829678.9579,R,C,120,-57,
1790829678.9648,R,A,126,-65,
1790829678.9896,R,C,121,-60,
1790829678.9898,R,B,126,-82,
1790829678.9903,R,A,127,-81,
1790829678.9484,O,,,,0.31347
1790829678.9490,O,,,,0.32936
1790829678.9495,O,,,,0.34656
1790829679.0357,R,B,127,-71,
1790829679.0387,R,A,128,-72,
1790829679.0389,R,C,122,-63,
1790829679.0794,R,A,129,-62,
1790829679.0798,R,C,123,-62,
1790829679.0799,R,B,128,-76,
1790829679.0299,O,,,,0.36245
1790829679.0310,O,,,,0.37966
1790829679.0316,O,,,,0.39686
1790829679.0322,O,,,,0.41275
1790829679.1335,R,C,124,-66,
1790829679.1342,R,B,129,-69,
1790829679.1582,R,C,125,-68,
1790829679.1650,R,A,130,-71,
1790829679.1067,O,,,,0.42995
1790829679.1080,O,,,,0.44716
1790829679.1086,O,,,,0.46305
1790829679.1091,O,,,,0.48025
1790829679.1719,O,,,,0.49614
1790829679.1995,R,C,126,-69,
1790829679.1997,R,A,131,-67,
1790829679.2396,R,B,130,-75,
1790829679.1729,O,,,,0.51334
1790829679.1735,O,,,,0.53055
1790829679.2499,R,C,127,-65,
1790829679.2650,R,A,132,-62,
1790829679.2651,R,B,131,-71,
1790829679.2956,R,C,128,-71,
1790829679.3101,R,A,133,-68,
1790829679.2515,O,,,,0.54644
1790829679.2522,O,,,,0.56364
1790829679.2528,O,,,,0.57953
1790829679.2533,O,,,,0.59674
1790829679.3433,R,B,132,-69,
1790829679.3517,R,A,134,-65,
1790829679.3578,R,C,129,-69,
1790829679.3939,R,B,133,-67,
1790829679.3315,O,,,,0.61394
1790829679.3323,O,,,,0.62983
1790829679.3329,O,,,,0.64703
1790829679.3334,O,,,,0.66424
1790829679.4000,R,A,135,-65,
1790829679.4098,R,C,130,-75,
1790829679.4308,R,C,131,-66,
1790829679.4309,R,B,134,-67,
1790829679.4510,R,A,136,-68,
1790829679.4058,O,,,,0.68013
1790829679.4067,O,,,,0.69733
1790829679.4082,O,,,,0.71322
1790829679.4091,O,,,,0.73042
1790829679.4644,R,A,137,-67,
1790829679.4664,R,C,132,-63,
1790829679.4670,R,B,135,-71,
1790829679.5147,R,A,138,-65,
1790829679.5370,R,B,136,-74,
1790829679.5374,R,C,133,-70,
1790829679.4867,O,,,,0.74763
1790829679.4874,O,,,,0.76352
1790829679.4880,O,,,,0.78072
1790829679.4885,O,,,,0.79661
1790829679.5606,R,B,137,-67,
1790829679.5623,R,A,139,-65,
1790829679.6080,R,C,134,-65,
1790829679.6082,R,B,138,-75,
1790829679.6151,R,A,140,-67,
1790829679.5666,O,,,,0.81381
1790829679.5675,O,,,,0.82970
1790829679.5681,O,,,,0.84823
1790829679.5687,O,,,,0.86411
1790829679.6480,R,C,135,-63,
1790829679.6491,R,A,141,-66,
1790829679.6612,R,B,139,-81,
1790829679.6959,R,C,136,-67,
1790829679.6377,O,,,,0.88000
1790829679.6389,O,,,,0.89588
1790829679.6394,O,,,,0.91309
1790829679.7159,R,A,142,-68,
1790829679.7411,R,B,140,-77,
1790829679.7576,R,C,137,-64,
1790829679.7652,R,A,143,-67,
1790829679.7124,O,,,,0.93030
1790829679.7140,O,,,,0.94618
1790829679.7147,O,,,,0.96206
1790829679.7153,O,,,,0.97927
1790829679.7820,R,C,138,-63,
1790829679.7823,R,A,144,-69,
1790829679.7824,R,B,141,-66,
1790829679.8282,R,B,142,-67,
1790829679.7916,O,,,,0.99648
1790829679.7922,O,,,,1.01236
1790829679.7928,O,,,,1.02957
1790829679.7933,O,,,,1.04546
1790829679.8574,R,C,139,-74,
1790829679.8650,R,A,145,-72,
1790829679.8696,R,A,146,-68,
1790829679.8700,R,B,143,-71,
1790829679.8701,R,C,140,-70,
1790829679.9115,R,A,147,-70,
1790829679.9119,R,B,144,-67,
1790829679.9183,R,C,141,-68,
1790829679.8667,O,,,,1.06266
1790829679.8675,O,,,,1.07987
1790829679.8682,O,,,,1.09575
1790829679.8687,O,,,,1.11296
1790829679.9599,R,A,148,-89,
1790829679.9732,R,B,145,-77,
1790829680.0081,R,C,142,-65,
1790829679.9467,O,,,,1.13017
1790829679.9477,O,,,,1.14605
1790829679.9483,O,,,,1.16326
1790829679.9489,O,,,,1.17914
1790829680.0122,R,B,146,-78,
1790829680.0149,R,A,149,-69,
1790829680.0474,R,C,143,-77,
1790829680.0654,R,A,150,-78,
1790829680.0909,R,B,147,-68,
1790829680.0231,O,,,,1.19768
1790829680.0239,O,,,,1.21356
1790829680.0244,O,,,,1.22944
1790829680.0250,O,,,,1.24665
1790829680.0946,R,C,144,-69,
1790829680.0948,R,A,151,-75,
1790829680.1440,R,B,148,-65,
1790829680.1575,R,C,145,-71,
1790829680.1653,R,A,152,-67,
1790829680.1042,O,,,,1.26386
1790829680.1051,O,,,,1.27974
1790829680.1056,O,,,,1.29563
1790829680.1061,O,,,,1.31283
1790829680.1723,O,,,,1.33004
1790829680.1767,R,C,146,-68,
1790829680.1769,R,B,149,-68,
1790829680.2185,R,C,147,-67,
1790829680.2189,R,B,150,-69,
1790829680.1735,O,,,,1.34593
1790829680.1741,O,,,,1.36313
1790829680.2473,O,,,,1.37902
1790829680.2603,R,A,153,-71,
1790829680.2934,R,B,151,-70,
1790829680.2959,R,C,148,-64,
1790829680.2960,R,A,154,-69,
1790829680.3150,R,A,155,-70,
1790829680.3162,R,B,152,-81,
1790829680.3220,R,C,149,-76,
1790829680.2483,O,,,,1.39622
1790829680.2489,O,,,,1.41343
1790829680.2494,O,,,,1.42932
1790829680.3273,O,,,,1.44652
1790829680.3550,R,C,150,-71,
1790829680.3613,R,A,156,-79,
1790829680.3284,O,,,,1.46241
1790829680.3290,O,,,,1.47961
1790829680.3295,O,,,,1.49550
1790829680.4136,R,B,153,-66,
1790829680.4508,R,C,151,-58,
1790829680.4653,R,A,157,-77,
1790829680.4071,O,,,,1.51271
1790829680.4081,O,,,,1.52991
1790829680.4087,O,,,,1.54580
1790829680.4092,O,,,,1.56168
1790829680.4907,R,B,154,-74,
1790829680.4918,R,B,155,-77,
1790829680.5015,R,A,158,-86,
1790829680.5016,R,C,152,-64,
1790829680.5329,R,C,153,-61,
1790829680.5336,R,A,159,-71,
1790829680.5361,R,B,156,-64,
1790829680.4880,O,,,,1.58021
1790829680.4888,O,,,,1.59610
1790829680.4894,O,,,,1.61330
1790829680.4900,O,,,,1.62919
1790829680.5746,R,B,157,-69,
1790829680.5748,R,C,154,-60,
1790829680.6220,R,C,155,-62,
1790829680.6292,R,B,158,-65,
1790829680.5680,O,,,,1.64640
1790829680.5691,O,,,,1.66228
1790829680.5698,O,,,,1.67816
1790829680.5703,O,,,,1.69537
1790829680.6323,O,,,,1.71258
1790829680.6348,R,A,160,-79,
1790829680.6652,R,A,161,-76,
1790829680.6334,O,,,,1.72846
1790829680.6340,O,,,,1.74567
1790829680.7071,O,,,,1.76288
1790829680.7106,R,A,162,-74,
1790829680.7106,R,C,156,-60,
1790829680.7106,R,C,157,-61,
1790829680.7144,R,B,159,-66,
1790829680.7588,R,C,158,-62,
1790829680.7652,R,A,163,-75,
1790829680.7718,R,B,160,-65,
1790829680.7082,O,,,,1.77876
1790829680.7088,O,,,,1.79597
1790829680.7095,O,,,,1.81185
1790829680.8059,R,C,159,-60,
1790829680.8062,R,A,164,-70,
1790829680.8070,R,B,161,-63,
1790829680.8400,R,A,165,-83,
1790829680.8412,R,C,160,-61,
1790829680.8449,R,B,162,-61,
1790829680.7889,O,,,,1.82906
1790829680.7903,O,,,,1.84627
1790829680.7916,O,,,,1.86215
1790829680.7921,O,,,,1.87936
1790829680.8912,R,B,163,-59,
1790829680.8913,R,C,161,-66,
1790829680.8915,R,A,166,-74,
1790829680.9330,R,C,162,-63,
1790829680.9332,R,B,164,-61,
1790829680.9336,R,A,167,-70,
1790829680.8716,O,,,,1.89524
1790829680.8730,O,,,,1.91245
1790829680.8736,O,,,,1.92833
1790829680.8741,O,,,,1.94687
1790829680.9772,R,B,165,-63,
1790829680.9865,R,C,163,-64,
1790829680.9869,R,A,168,-72,
1790829680.9491,O,,,,1.96275
1790829680.9499,O,,,,1.97863
1790829680.9504,O,,,,1.99584
1790829680.9510,O,,,,2.01305
1790829681.0356,R,B,166,-66,
1790829681.0359,R,A,169,-75,
1790829681.0363,R,C,164,-64,
1790829681.0658,R,B,167,-66,
1790829681.0790,R,C,165,-68,
1790829681.0253,O,,,,2.02893
1790829681.0262,O,,,,2.04482
1790829681.0268,O,,,,2.06335
1790829681.0273,O,,,,2.07923
1790829681.1144,R,A,170,-73,
1790829681.1300,R,C,166,-67,
1790829681.1302,R,B,168,-64,
1790829681.1553,R,C,167,-67,
1790829681.0971,O,,,,2.09644
1790829681.0979,O,,,,2.11365
1790829681.0985,O,,,,2.12953
1790829681.0991,O,,,,2.14541
1790829681.1650,R,A,171,-73,
1790829681.1856,R,B,169,-63,
1790829681.1999,R,C,168,-70,
1790829681.2001,R,A,172,-90,
1790829681.2010,R,B,170,-67,
1790829681.1747,O,,,,2.16262
1790829681.1762,O,,,,2.17983
1790829681.1768,O,,,,2.19571
1790829681.2479,R,A,173,-73,
1790829681.2544,R,C,169,-75,
1790829681.2646,R,B,171,-68,
1790829681.2920,R,C,170,-80,
1790829681.2935,R,B,172,-87,
1790829681.2959,R,A,174,-68,
1790829681.2508,O,,,,2.21160
1790829681.2523,O,,,,2.23013
1790829681.2532,O,,,,2.24601
1790829681.2537,O,,,,2.26190
1790829681.3464,R,B,173,-64,
1790829681.3511,R,A,175,-77,
1790829681.3514,R,C,171,-81,
1790829681.3770,R,C,172,-70,
1790829681.3775,R,B,174,-68,
1790829681.3266,O,,,,2.28043
1790829681.3286,O,,,,2.29631
1790829681.3292,O,,,,2.31220
1790829681.3298,O,,,,2.32940
1790829681.4144,R,A,176,-71,
1790829681.4281,R,B,175,-65,
1790829681.4550,R,C,173,-68,
1790829681.4552,R,A,177,-70,
1790829681.4015,O,,,,2.34661
1790829681.4022,O,,,,2.36249
1790829681.4029,O,,,,2.37970
1790829681.4034,O,,,,2.39691
1790829681.4933,R,B,176,-61,
1790829681.5078,R,C,174,-67,
1790829681.5156,R,A,178,-71,
1790829681.5350,R,B,177,-67,
1790829681.5352,R,A,179,-71,
1790829681.5354,R,C,175,-69,
1790829681.4815,O,,,,2.41279
1790829681.4822,O,,,,2.42868
1790829681.4829,O,,,,2.44721
1790829681.4834,O,,,,2.46309
1790829681.5631,R,A,180,-72,
1790829681.5633,R,B,178,-67,
1790829681.5673,R,C,176,-71,
1790829681.6076,R,C,177,-74,
1790829681.6154,R,A,181,-68,
1790829681.6523,R,C,178,-77,
1790829681.6525,R,A,182,-68,
1790829681.6595,R,B,179,-63,
1790829681.6978,R,C,179,-76,
1790829681.7103,R,A,183,-69,
1790829681.7104,R,B,180,-56,
1790829681.7580,R,C,180,-77,
1790829681.7636,R,A,184,-71,
1790829681.7904,R,C,181,-70,
1790829681.7907,R,B,181,-62,
1790829681.8154,R,A,185,-74,
1790829681.8429,R,B,182,-62,
1790829681.5596,O,,,,2.47898
1790829681.5604,O,,,,2.49618
1790829681.5609,O,,,,2.51339
1790829681.5614,O,,,,2.52928
1790829681.6266,O,,,,2.54648
1790829681.6273,O,,,,2.56369
1790829681.6279,O,,,,2.57957
1790829681.7072,O,,,,2.59149
1790829681.7082,O,,,,2.60472
1790829681.7088,O,,,,2.61796
1790829681.7094,O,,,,2.62987
1790829681.7821,O,,,,2.64046
1790829681.7830,O,,,,2.64840
1790829681.7835,O,,,,2.65635
1790829681.7841,O,,,,2.66429
