t_pc,kind,id,seq,rssi,yaw,x,y
1791264755.3589,R,A,,-59,,,
1791264755.3592,R,B,,-46,,,
1791264755.4116,R,B,,-50,,,
1791264755.4311,R,A,,-61,,,
1791264755.4422,R,B,,-48,,,
1791264755.4432,R,A,,-61,,,
1791264755.4458,R,C,,-66,,,
1791264755.4860,R,B,,-49,,,
1791264755.4862,R,C,,-73,,,
1791264755.5281,R,A,,-59,,,
1791264755.5375,R,B,,-55,,,
1791264755.5495,R,C,,-70,,,
1791264755.5715,R,A,,-57,,,
1791264755.5813,R,A,,-58,,,
1791264755.5936,R,B,,-61,,,
1791264755.5953,R,C,,-64,,,
1791264755.6280,R,C,,-96,,,
1791264755.6313,R,A,,-59,,,
1791264755.6616,R,B,,-49,,,
1791264755.6757,R,C,,-71,,,
1791264755.6763,R,B,,-51,,,
1791264755.6816,R,A,,-57,,,
1791264755.7241,R,B,,-57,,,
1791264755.7314,R,A,,-57,,,
1791264755.7496,R,C,,-80,,,
1791264755.7699,R,A,,-64,,,
1791264755.7739,R,C,,-75,,,
1791264755.7744,R,B,,-63,,,
1791264755.8466,R,B,,-61,,,
1791264755.8594,R,B,,-60,,,
1791264755.8769,R,C,,-72,,,
1791264755.8780,R,A,,-61,,,
1791264755.9117,R,B,,-69,,,
1791264755.9153,R,C,,-80,,,
1791264755.9156,R,A,,-67,,,
1791264755.9449,R,C,,-83,,,
1791264755.9616,R,B,,-67,,,
1791264755.9870,R,B,,-86,,,
1791264755.9998,R,C,,-78,,,
1791264756.0312,R,A,,-61,,,
1791264756.0343,R,C,,-71,,,
1791264756.0537,R,B,,-63,,,
1791264756.0784,R,C,,-76,,,
1791264756.0787,R,A,,-64,,,
1791264756.0788,R,B,,-62,,,
1791264756.1265,R,C,,-69,,,
1791264756.1321,R,A,,-62,,,
1791264756.1615,R,B,,-65,,,
1791264756.1806,R,A,,-62,,,
1791264756.1854,R,B,,-65,,,
1791264756.1938,R,C,,-69,,,
1791264756.2225,R,A,,-65,,,
1791264756.2230,R,B,,-62,,,
1791264756.2492,R,C,,-75,,,
1791264756.2744,R,B,,-63,,,
1791264756.2744,R,A,,-63,,,
1791264756.2992,R,C,,-71,,,
1791264756.3150,R,C,,-70,,,
1791264756.3152,R,A,,-62,,,
1791264756.3622,R,B,,-67,,,
1791264756.3820,R,A,,-66,,,
1791264756.3837,R,C,,-79,,,
1791264756.4096,R,C,,-73,,,
1791264756.4118,R,B,,-66,,,
1791264756.4313,R,A,,-63,,,
1791264756.4514,R,B,,-65,,,
1791264756.4813,R,A,,-59,,,
1791264756.4953,R,B,,-69,,,
1791264756.4998,R,C,,-70,,,
1791264756.5065,R,A,,-66,,,
1791264756.5438,R,A,,-62,,,
1791264756.5442,R,B,,-67,,,
1791264756.5494,R,C,,-76,,,
1791264756.5991,R,C,,-72,,,
1791264756.6117,R,B,,-65,,,
1791264756.6326,R,C,,-68,,,
1791264756.6616,R,B,,-71,,,
1791264756.6749,R,B,,-66,,,
1791264756.6756,R,C,,-77,,,
1791264756.6760,R,A,,-67,,,
1791264756.7133,R,A,,-63,,,
1791264756.7188,R,C,,-75,,,
1791264756.7812,R,A,,-60,,,
1791264756.7942,R,C,,-67,,,
1791264756.8116,R,B,,-69,,,
1791264756.8206,R,A,,-67,,,
1791264756.8213,R,C,,-78,,,
1791264756.8605,R,B,,-66,,,
1791264756.8653,R,C,,-76,,,
1791264756.8656,R,A,,-62,,,
1791264756.9123,R,B,,-72,,,
1791264756.9305,R,A,,-61,,,
1791264756.9306,R,C,,-65,,,
1791264756.9519,R,B,,-67,,,
1791264756.9556,R,A,,-66,,,
1791264756.9917,R,C,,-70,,,
1791264756.9923,R,B,,-66,,,
1791264757.0252,R,A,,-62,,,
1791264757.0480,R,B,,-74,,,
1791264757.0497,R,C,,-72,,,
1791264757.0749,R,A,,-60,,,
1791264757.0770,R,A,,-61,,,
1791264757.1001,R,C,,-63,,,
1791264757.1002,R,B,,-66,,,
1791264757.1156,R,C,,-71,,,
1791264757.1158,R,A,,-67,,,
1791264757.1340,R,B,,-66,,,
1791264757.1623,R,B,,-66,,,
1791264757.1805,R,A,,-62,,,
1791264757.1993,R,C,,-72,,,
1791264757.2117,R,B,,-74,,,
1791264757.2320,R,A,,-61,,,
1791264757.2437,R,B,,-67,,,
1791264757.2442,R,A,,-66,,,
1791264757.2451,R,C,,-65,,,
1791264757.2931,R,C,,-72,,,
1791264757.2996,R,B,,-65,,,
1791264757.2998,R,A,,-63,,,
1791264757.3346,R,C,,-72,,,
1791264757.3459,R,A,,-62,,,
1791264757.3461,R,B,,-72,,,
1791264757.3817,R,C,,-64,,,
1791264757.4116,R,B,,-66,,,
1791264757.4268,R,B,,-64,,,
1791264757.4313,R,A,,-67,,,
1791264757.4493,R,C,,-70,,,
1791264757.4743,R,C,,-70,,,
1791264757.4752,R,A,,-63,,,
1791264757.4988,R,B,,-74,,,
1791264757.5181,R,A,,-62,,,
1791264757.5215,R,B,,-67,,,
1791264757.5227,R,C,,-63,,,
1791264757.5606,R,C,,-70,,,
1791264757.5608,R,A,,-66,,,
1791264757.5616,R,B,,-67,,,
1791264757.6114,R,A,,-63,,,
1791264757.6116,R,B,,-65,,,
1791264757.6535,R,A,,-61,,,
1791264757.6543,R,B,,-68,,,
1791264757.6998,R,C,,-63,,,
1791264757.7117,R,B,,-67,,,
1791264757.7322,R,A,,-67,,,
1791264757.7445,R,B,,-64,,,
1791264757.7447,R,A,,-64,,,
1791264757.7500,R,C,,-69,,,
1791264757.7800,R,C,,-69,,,
1791264757.7811,R,A,,-63,,,
1791264757.7813,R,B,,-70,,,
1791264757.8280,R,B,,-68,,,
1791264757.8295,R,A,,-61,,,
1791264757.8296,R,C,,-62,,,
1791264757.8679,R,C,,-70,,,
1791264757.8796,R,A,,-66,,,
1791264757.8798,R,B,,-64,,,
1791264757.9139,R,C,,-71,,,
1791264757.9142,R,A,,-63,,,
1791264757.9617,R,B,,-69,,,
1791264757.9694,R,C,,-63,,,
1791264757.9696,R,A,,-61,,,
1791264757.9950,R,B,,-68,,,
1791264757.9992,R,C,,-63,,,
1791264758.0314,R,A,,-67,,,
1791264758.0443,R,C,,-70,,,
1791264758.0450,R,A,,-63,,,
1791264758.0455,R,B,,-64,,,
1791264758.0952,R,C,,-72,,,
1791264758.0960,R,A,,-61,,,
1791264758.1117,R,B,,-66,,,
1791264758.1499,R,C,,-63,,,
1791264758.1617,R,B,,-68,,,
1791264758.1792,R,A,,-67,,,
1791264758.1815,R,A,,-67,,,
1791264758.1987,R,C,,-71,,,
1791264758.1991,R,B,,-62,,,
1791264758.2316,R,C,,-75,,,
1791264758.2318,R,A,,-64,,,
1791264758.2617,R,B,,-64,,,
1791264758.2814,R,A,,-62,,,
1791264758.2866,R,C,,-64,,,
1791264758.2878,R,B,,-67,,,
1791264758.3205,R,A,,-67,,,
1791264758.3458,R,C,,-73,,,
1791264758.3465,R,B,,-61,,,
1791264758.3704,R,A,,-63,,,
1791264758.3714,R,C,,-76,,,
1791264758.3728,R,B,,-64,,,
1791264758.4173,R,A,,-62,,,
1791264758.4482,R,C,,-65,,,
1791264758.4535,R,B,,-67,,,
1791264758.4618,R,B,,-67,,,
1791264758.4764,R,A,,-67,,,
1791264758.4998,R,C,,-72,,,
1791264758.5004,R,B,,-61,,,
1791264758.5192,R,A,,-63,,,
1791264758.5521,R,B,,-62,,,
1791264758.5820,R,A,,-62,,,
1791264758.6123,R,B,,-66,,,
1791264758.6188,R,A,,-68,,,
1791264758.6440,R,C,,-68,,,
1791264758.6446,R,B,,-60,,,
1791264758.6599,R,A,,-64,,,
1791264758.6912,R,B,,-61,,,
1791264758.6913,R,A,,-62,,,
1791264758.7256,R,B,,-66,,,
1791264758.7273,R,A,,-63,,,
1791264758.7275,R,C,,-62,,,
1791264758.7700,R,A,,-67,,,
1791264758.7718,R,C,,-68,,,
1791264758.7721,R,B,,-60,,,
1791264758.8234,R,A,,-64,,,
1791264758.8236,R,B,,-61,,,
1791264758.8237,R,C,,-67,,,
1791264758.8813,R,A,,-62,,,
1791264758.8993,R,C,,-62,,,
1791264758.9066,R,B,,-65,,,
1791264758.9222,R,C,,-67,,,
1791264758.9248,R,A,,-68,,,
1791264758.9624,R,B,,-59,,,
1791264758.9638,R,C,,-66,,,
1791264758.9640,R,A,,-64,,,
1791264759.0118,R,B,,-61,,,
1791264759.0138,R,A,,-62,,,
1791264759.0515,R,A,,-67,,,
1791264759.0584,R,B,,-65,,,
1791264759.0969,R,B,,-59,,,
1791264759.0996,R,C,,-66,,,
1791264759.1201,R,A,,-65,,,
1791264759.1381,R,A,,-63,,,
1791264759.1500,R,C,,-66,,,
1791264759.1624,R,B,,-60,,,
1791264759.1763,R,B,,-65,,,
1791264759.1816,R,A,,-63,,,
1791264759.2002,R,C,,-61,,,
1791264759.2275,R,C,,-67,,,
1791264759.2308,R,A,,-67,,,
1791264759.2415,R,B,,-60,,,
1791264759.2815,R,A,,-64,,,
1791264759.2822,R,C,,-66,,,
1791264759.3117,R,B,,-61,,,
1791264759.3306,R,C,,-61,,,
1791264759.3315,R,A,,-63,,,
1791264759.3457,R,B,,-65,,,
1791264759.3620,R,B,,-65,,,
1791264759.3622,R,A,,-67,,,
1791264759.3816,R,C,,-68,,,
1791264759.4510,R,B,,-61,,,
1791264759.4513,R,A,,-63,,,
1791264759.4994,R,C,,-61,,,
1791264759.5118,R,B,,-65,,,
1791264759.5321,R,A,,-65,,,
1791264759.5323,R,C,,-67,,,
1791264759.5482,R,B,,-60,,,
1791264759.5807,R,A,,-63,,,
1791264759.5903,R,C,,-69,,,
1791264759.5939,R,B,,-61,,,
1791264759.6316,R,A,,-63,,,
1791264759.6485,R,C,,-61,,,
1791264759.6494,R,B,,-65,,,
1791264759.6718,R,C,,-70,,,
1791264759.6816,R,A,,-67,,,
1791264759.6922,R,B,,-59,,,
1791264759.7215,R,B,,-61,,,
1791264759.7314,R,A,,-64,,,
1791264759.7417,R,C,,-69,,,
1791264759.7658,R,C,,-63,,,
1791264759.7662,R,A,,-64,,,
1791264759.8314,R,A,,-67,,,
1791264759.8488,R,C,,-69,,,
1791264759.8563,R,B,,-60,,,
1791264759.8642,R,A,,-64,,,
1791264759.8643,R,C,,-69,,,
1791264759.9014,R,B,,-61,,,
1791264759.9313,R,A,,-63,,,
1791264759.9493,R,C,,-62,,,
1791264759.9618,R,B,,-66,,,
1791264759.9652,R,A,,-66,,,
1791264759.9958,R,A,,-64,,,
1791264760.0004,R,C,,-68,,,
1791264760.0119,R,B,,-60,,,
1791264760.0414,R,C,,-69,,,
1791264760.0426,R,B,,-60,,,
1791264760.0753,R,A,,-63,,,
1791264760.0863,R,B,,-66,,,
1791264760.0996,R,C,,-62,,,
1791264760.1225,R,C,,-68,,,
1791264760.1241,R,A,,-68,,,
1791264760.1458,R,B,,-61,,,
1791264760.1813,R,A,,-64,,,
1791264760.1820,R,B,,-61,,,
1791264760.2307,R,A,,-63,,,
1791264760.2493,R,C,,-63,,,
1791264760.2602,R,B,,-66,,,
1791264760.2614,R,C,,-69,,,
1791264760.2631,R,B,,-66,,,
1791264760.2809,R,A,,-67,,,
1791264760.3623,R,A,,-63,,,
1791264760.3625,R,C,,-63,,,
1791264760.3628,R,B,,-60,,,
1791264760.4036,R,A,,-66,,,
1791264760.4118,R,B,,-66,,,
1791264760.4495,R,C,,-68,,,
1791264760.4503,R,A,,-64,,,
1791264760.4618,R,B,,-60,,,
1791264760.5003,R,B,,-61,,,
1791264760.5011,R,A,,-62,,,
1791264760.5398,R,B,,-65,,,
1791264760.5493,R,C,,-62,,,
1791264760.5814,R,A,,-66,,,
1791264760.5857,R,C,,-68,,,
1791264760.5980,R,B,,-59,,,
1791264760.5982,R,A,,-64,,,
1791264760.6291,R,C,,-69,,,
1791264760.6293,R,A,,-64,,,
1791264760.6619,R,B,,-60,,,
1791264760.6692,R,C,,-63,,,
1791264760.6694,R,A,,-63,,,
1791264760.6922,R,B,,-65,,,
1791264760.7138,R,C,,-70,,,
1791264760.7144,R,A,,-66,,,
1791264760.7619,R,B,,-59,,,
1791264760.7816,R,A,,-64,,,
1791264760.7871,R,C,,-71,,,
1791264760.8119,R,B,,-59,,,
1791264760.8122,R,C,,-64,,,
1791264760.8137,R,A,,-63,,,
1791264760.8457,R,B,,-63,,,
1791264760.8472,R,C,,-63,,,
1791264760.8814,R,A,,-67,,,
1791264760.8951,R,C,,-69,,,
1791264760.8968,R,B,,-58,,,
1791264760.8970,R,A,,-64,,,
1791264760.9376,R,B,,-60,,,
1791264760.9757,R,B,,-63,,,
1791264760.9768,R,A,,-62,,,
1791264760.9796,R,C,,-64,,,
1791264760.9798,R,A,,-63,,,
1791264761.0192,R,B,,-57,,,
1791264761.0194,R,C,,-72,,,
1791264761.0195,R,A,,-67,,,
1791264761.0697,R,C,,-72,,,
1791264761.0717,R,B,,-59,,,
1791264761.0815,R,A,,-64,,,
1791264761.1076,R,B,,-58,,,
1791264761.1161,R,C,,-64,,,
1791264761.1260,R,A,,-62,,,
1791264761.1504,R,B,,-83,,,
1791264761.1816,R,A,,-66,,,
1791264761.2119,R,B,,-56,,,
1791264761.2270,R,A,,-63,,,
1791264761.2445,R,B,,-58,,,
1791264761.2815,R,A,,-63,,,
1791264761.2998,R,C,,-65,,,
1791264761.3090,R,B,,-61,,,
1791264761.3308,R,A,,-67,,,
1791264761.3336,R,A,,-67,,,
1791264761.3340,R,C,,-72,,,
1791264761.3346,R,B,,-56,,,
1791264761.3820,R,C,,-71,,,
1791264761.3927,R,B,,-57,,,
1791264761.4318,R,A,,-63,,,
1791264761.4392,R,B,,-61,,,
1791264761.4406,R,C,,-64,,,
